Sequence;clade;Pos 87;Pos 129;Pos 134;Pos 137;Pos 141;Pos 142;Pos 155;Pos 186;Pos 216;Pos 222;Pos 224
A/Netherlands/10540/2023|EPI_ISL_18285090;6B.1A.5a.2a;-;D;A;P;A;K;G;T;T;D;A
A/Netherlands/10179/2024|EPI_ISL_18877915;6B.1A.5a.2a.1;N;D;A;S;A;R;E;T;A;D;A
A/Netherlands/10544/2023|EPI_ISL_18285086;6B.1A.5a.2a;N;D;A;P;A;K;G;T;A;D;A
A/Netherlands/10542/2024|EPI_ISL_18974778;6B.1A.5a.2a;N;D;A;P;A;K;G;T;A;D;A
A/Netherlands/01793/2023|EPI_ISL_18566802;6B.1A.5a.2a;N;D;A;P;A;K;G;T;A;D;A
A/Netherlands/00737/2024|EPI_ISL_18918731;6B.1A.5a.2a;N;D;A;P;A;K;G;T;A;D;A
A/Netherlands/10171/2024|EPI_ISL_18877907;6B.1A.5a.2a;N;D;A;P;A;K;G;T;A;D;A
A/Netherlands/01697/2023|EPI_ISL_18373308;6B.1A.5a.2a;N;D;A;P;A;K;G;T;A;D;A
A/Netherlands/10330/2024|EPI_ISL_18890447;6B.1A.5a.2a;N;D;A;P;A;K;G;T;A;D;A
A/Netherlands/01706/2023|EPI_ISL_18451382;6B.1A.5a.2a;N;D;A;P;A;K;G;T;A;D;A
A/Netherlands/02001/2023|EPI_ISL_18721710;6B.1A.5a.2a;N;D;A;P;A;K;G;T;A;D;A
A/Netherlands/00938/2024|EPI_ISL_18942013;6B.1A.5a.2a;N;D;A;P;A;K;G;T;A;D;A
A/Netherlands/00186/2024|EPI_ISL_18854092;6B.1A.5a.2a;N;D;A;P;A;K;G;T;A;D;A
A/Netherlands/00442/2024|EPI_ISL_18873576;6B.1A.5a.2a;N;D;A;P;A;K;G;T;A;D;A
A/Netherlands/01137/2024|EPI_ISL_18961761;6B.1A.5a.2a.1;N;D;A;S;A;R;G;N;A;D;A
A/Netherlands/00706/2024|EPI_ISL_18900668;6B.1A.5a.2a;N;D;A;P;A;R;G;T;A;D;A
A/Netherlands/00529/2024|EPI_ISL_18900642;6B.1A.5a.2a;N;D;A;P;A;R;G;T;A;D;A
A/Netherlands/01748/2023|EPI_ISL_18500147;6B.1A.5a.2a;N;D;A;P;A;R;G;T;A;D;A
A/Netherlands/00820/2024|EPI_ISL_18941985;6B.1A.5a.2a;N;D;A;P;A;R;G;T;A;D;A
A/Netherlands/00736/2024|EPI_ISL_18918730;6B.1A.5a.2a;N;D;A;P;A;R;G;T;A;D;A
A/Netherlands/10528/2023|EPI_ISL_18044680;6B.1A.5a.2a.1;N;D;A;S;A;R;G;T;A;D;A
A/Netherlands/01255/2024|EPI_ISL_19001225;6B.1A.5a.2a.1;N;D;A;S;A;R;G;T;A;D;A
A/Netherlands/10615/2023|EPI_ISL_18718197;6B.1A.5a.2a.1;N;D;A;S;A;R;G;T;A;D;A
A/Netherlands/01955/2023|EPI_ISL_18721679;6B.1A.5a.2a.1;N;D;A;S;A;R;G;T;A;D;A
A/Netherlands/01924/2023|EPI_ISL_18721652;6B.1A.5a.2a.1;N;D;A;S;A;R;G;T;A;D;A
A/Netherlands/01965/2023|EPI_ISL_18721687;6B.1A.5a.2a.1;N;D;A;S;A;R;G;T;A;D;A
A/Netherlands/02004/2023|EPI_ISL_18721713;6B.1A.5a.2a.1;N;D;A;S;A;R;G;T;A;D;A
A/Netherlands/01694/2023|EPI_ISL_18373305;6B.1A.5a.2a.1;N;D;A;S;A;R;G;T;A;D;A
A/Netherlands/10203/2024|EPI_ISL_18877856;6B.1A.5a.2a.1;N;D;A;S;A;R;G;T;A;D;A
A/Netherlands/01930/2023|EPI_ISL_18721658;6B.1A.5a.2a.1;N;D;A;S;A;R;G;T;A;D;A
A/Netherlands/00393/2024|EPI_ISL_18873568;6B.1A.5a.2a.1;N;D;A;S;A;R;G;T;A;D;A
A/Netherlands/00473/2024|EPI_ISL_18873589;6B.1A.5a.2a.1;N;D;A;S;A;R;G;T;A;D;A
A/Netherlands/00096/2024|EPI_ISL_18790239;6B.1A.5a.2a.1;N;D;A;S;A;R;G;T;A;D;A
A/Netherlands/01948/2023|EPI_ISL_18721672;6B.1A.5a.2a.1;N;D;A;S;A;R;G;T;A;D;A
A/Netherlands/10059/2024|EPI_ISL_18842121;6B.1A.5a.2a.1;N;D;A;S;A;R;G;T;A;D;A
A/Netherlands/01929/2023|EPI_ISL_18721657;6B.1A.5a.2a.1;N;D;A;S;A;R;G;T;A;D;A
A/Netherlands/01927/2023|EPI_ISL_18721655;6B.1A.5a.2a.1;N;D;A;S;A;R;G;T;A;D;A
A/Netherlands/00988/2024|EPI_ISL_18961731;6B.1A.5a.2a.1;N;D;A;S;A;R;G;T;A;D;A
A/Netherlands/01707/2023|EPI_ISL_18451383;6B.1A.5a.2a.1;N;D;A;S;A;R;G;T;A;D;A
A/Netherlands/02003/2023|EPI_ISL_18721712;6B.1A.5a.2a.1;N;D;A;S;A;R;G;T;A;D;A
A/Netherlands/01990/2023|EPI_ISL_18721699;6B.1A.5a.2a.1;N;D;A;S;A;R;G;T;A;D;A
A/Netherlands/00092/2024|EPI_ISL_18790236;6B.1A.5a.2a.1;N;D;A;S;A;R;G;T;A;D;A
A/Netherlands/00198/2024|EPI_ISL_18854096;6B.1A.5a.2a.1;N;D;A;S;A;R;G;T;A;D;A
A/Netherlands/00101/2024|EPI_ISL_18790241;6B.1A.5a.2a.1;N;D;A;S;A;R;G;T;A;D;A
A/Netherlands/10439/2024|EPI_ISL_18913412;6B.1A.5a.2a.1;N;D;A;S;A;R;G;T;A;D;A
A/Netherlands/03123/2023|EPI_ISL_18790219;6B.1A.5a.2a.1;N;D;A;S;A;R;G;T;A;D;A
A/Netherlands/01873/2023|EPI_ISL_18673764;6B.1A.5a.2a.1;N;D;A;S;A;R;G;T;A;D;A
A/Netherlands/00104/2024|EPI_ISL_18821277;6B.1A.5a.2a.1;N;D;A;S;A;R;G;T;A;D;A
A/Netherlands/01902/2023|EPI_ISL_18673792;6B.1A.5a.2a.1;N;D;A;S;A;R;G;T;A;D;A
A/Netherlands/01903/2023|EPI_ISL_18673793;6B.1A.5a.2a.1;N;D;A;S;A;R;G;T;A;D;A
A/Netherlands/00144/2024|EPI_ISL_18821296;6B.1A.5a.2a.1;N;D;A;S;A;R;G;T;A;D;A
A/Netherlands/00339/2024|EPI_ISL_18873556;6B.1A.5a.2a.1;N;D;A;S;A;R;G;T;A;D;A
A/Netherlands/10631/2023|EPI_ISL_18718235;6B.1A.5a.2a.1;N;D;A;S;A;R;G;T;A;D;A
A/Netherlands/10630/2023|EPI_ISL_18718234;6B.1A.5a.2a.1;N;D;A;S;A;R;G;T;A;D;A
A/Netherlands/00507/2024|EPI_ISL_18854137;6B.1A.5a.2a.1;N;D;A;S;A;R;G;T;A;D;A
A/Netherlands/01268/2024|EPI_ISL_19001230;6B.1A.5a.2a.1;N;D;A;S;A;R;G;T;A;D;A
A/Netherlands/00505/2024|EPI_ISL_18854135;6B.1A.5a.2a.1;N;D;A;S;A;R;G;T;A;D;A
A/Netherlands/01649/2023|EPI_ISL_18219231;6B.1A.5a.2a.1;N;D;A;S;A;R;G;T;A;D;A
A/Netherlands/02111/2023|EPI_ISL_18746132;6B.1A.5a.2a.1;N;D;A;S;A;R;G;T;A;D;A
A/Netherlands/10383/2024|EPI_ISL_18913267;6B.1A.5a.2a.1;N;D;A;S;A;R;G;T;A;D;A
A/Netherlands/03039/2023|EPI_ISL_18746136;6B.1A.5a.2a.1;N;D;A;S;A;R;G;T;A;D;A
A/Netherlands/02012/2023|EPI_ISL_18746117;6B.1A.5a.2a.1;N;D;A;S;A;R;G;T;A;D;A
A/Netherlands/10564/2024|EPI_ISL_18987799;6B.1A.5a.2a.1;N;D;A;S;A;R;G;T;A;D;A
A/Netherlands/01921/2023|EPI_ISL_18721649;6B.1A.5a.2a.1;N;D;A;S;A;R;G;T;A;D;A
A/Netherlands/01931/2023|EPI_ISL_18721659;6B.1A.5a.2a.1;N;D;A;S;A;R;G;T;A;D;A
A/Netherlands/00057/2024|EPI_ISL_18790220;6B.1A.5a.2a.1;N;D;A;S;A;R;G;T;A;D;A
A/Netherlands/10623/2023|EPI_ISL_18718205;6B.1A.5a.2a.1;N;D;A;S;A;R;G;T;A;D;A
A/Netherlands/10660/2023|EPI_ISL_18773061;6B.1A.5a.2a.1;N;D;A;S;A;R;G;T;A;D;A
A/Netherlands/10424/2024|EPI_ISL_18913418;6B.1A.5a.2a.1;N;D;A;S;A;R;G;T;A;D;A
A/Netherlands/03127/2023|EPI_ISL_18790233;6B.1A.5a.2a.1;N;D;A;S;A;R;G;T;A;D;A
A/Netherlands/00088/2024|EPI_ISL_18790231;6B.1A.5a.2a.1;N;D;A;S;A;R;G;T;A;D;A
A/Netherlands/02007/2023|EPI_ISL_18746113;6B.1A.5a.2a.1;N;D;A;S;A;R;G;T;A;D;A
A/Netherlands/00035/2024|EPI_ISL_18790208;6B.1A.5a.2a.1;N;D;A;S;A;R;G;T;A;D;A
A/Netherlands/10622/2023|EPI_ISL_18718204;6B.1A.5a.2a.1;N;D;A;S;A;R;G;T;A;D;A
A/Netherlands/00091/2024|EPI_ISL_18790235;6B.1A.5a.2a.1;N;D;A;S;A;R;G;T;A;D;A
A/Netherlands/00315/2024|EPI_ISL_18873544;6B.1A.5a.2a.1;N;D;A;S;A;R;G;T;A;D;A
A/Netherlands/01725/2023|EPI_ISL_18451397;6B.1A.5a.2a.1;N;D;A;S;A;R;G;T;A;D;A
A/Netherlands/02002/2023|EPI_ISL_18721711;6B.1A.5a.2a.1;N;D;A;S;A;R;G;T;A;D;A
A/Netherlands/10047/2024|EPI_ISL_18773054;6B.1A.5a.2a.1;N;D;A;S;A;R;G;T;A;D;A
A/Netherlands/10499/2024|EPI_ISL_18950669;6B.1A.5a.2a.1;N;D;A;S;A;R;G;T;A;D;A
A/Netherlands/10001/2024|EPI_ISL_18773021;6B.1A.5a.2a.1;N;D;A;S;A;R;G;T;A;D;A
A/Netherlands/10133/2024|EPI_ISL_18877893;6B.1A.5a.2a.1;N;D;A;S;A;R;G;T;A;D;A
A/Netherlands/10223/2024|EPI_ISL_18877880;6B.1A.5a.2a.1;N;D;A;S;A;R;G;T;A;D;A
A/Netherlands/10621/2023|EPI_ISL_18718203;6B.1A.5a.2a.1;N;D;A;S;A;R;G;T;A;D;A
A/Netherlands/01755/2023|EPI_ISL_18500154;6B.1A.5a.2a.1;N;D;A;S;A;R;G;T;A;D;A
A/Netherlands/01641/2023|EPI_ISL_18101716;6B.1A.5a.2a.1;N;D;A;S;A;R;G;T;A;D;A
A/Netherlands/01696/2023|EPI_ISL_18373307;6B.1A.5a.2a.1;N;D;A;S;A;R;G;T;A;D;A
A/Netherlands/10236/2024|EPI_ISL_18877921;6B.1A.5a.2a.1;N;D;A;S;A;R;G;T;A;D;A
A/Netherlands/10072/2024|EPI_ISL_18842190;6B.1A.5a.2a.1;N;D;A;S;A;R;G;T;A;D;A
A/Netherlands/01764/2023|EPI_ISL_18509058;6B.1A.5a.2a.1;N;D;A;S;A;R;G;T;A;D;A
A/Netherlands/10231/2024|EPI_ISL_18877886;6B.1A.5a.2a.1;N;D;A;S;A;R;G;T;A;D;A
A/Netherlands/10639/2023|EPI_ISL_18773018;6B.1A.5a.2a.1;N;D;A;S;A;R;G;T;A;D;A
A/Netherlands/00298/2024|EPI_ISL_18873634;6B.1A.5a.2a.1;N;D;A;S;A;R;G;T;A;D;A
A/Netherlands/10204/2024|EPI_ISL_18877857;6B.1A.5a.2a.1;N;D;A;S;A;R;G;T;A;D;A
A/Netherlands/01229/2024|EPI_ISL_18980217;6B.1A.5a.2a.1;N;D;A;S;A;R;G;T;A;D;A
A/Netherlands/10216/2024|EPI_ISL_18877876;6B.1A.5a.2a.1;N;D;A;S;A;R;G;T;A;D;A
A/Netherlands/00795/2024|EPI_ISL_18918752;6B.1A.5a.2a.1;N;D;A;S;A;R;G;T;A;D;A
A/Netherlands/10147/2024|EPI_ISL_18877871;6B.1A.5a.2a.1;N;D;A;S;A;R;G;T;A;D;A
A/Netherlands/00707/2024|EPI_ISL_18918723;6B.1A.5a.2a.1;N;D;A;S;A;R;G;T;A;D;A
A/Netherlands/00783/2024|EPI_ISL_18918745;6B.1A.5a.2a.1;N;D;A;S;A;R;G;T;A;D;A
A/Netherlands/10210/2024|EPI_ISL_18877861;6B.1A.5a.2a.1;N;D;A;S;A;R;G;T;A;D;A
A/Netherlands/00992/2024|EPI_ISL_18961732;6B.1A.5a.2a.1;N;D;A;S;A;R;G;T;A;D;A
A/Netherlands/00788/2024|EPI_ISL_18918749;6B.1A.5a.2a.1;N;D;A;S;A;R;G;T;A;D;A
A/Netherlands/00748/2024|EPI_ISL_18918733;6B.1A.5a.2a.1;N;D;A;S;A;R;G;T;A;D;A
A/Netherlands/00774/2024|EPI_ISL_18918740;6B.1A.5a.2a.1;N;D;A;S;A;R;G;T;A;D;A
A/Netherlands/10224/2024|EPI_ISL_18877881;6B.1A.5a.2a.1;N;D;A;S;A;R;G;T;A;D;A
A/Netherlands/10125/2024|EPI_ISL_18842152;6B.1A.5a.2a.1;N;D;A;S;A;R;G;T;A;D;A
A/Netherlands/00330/2024|EPI_ISL_18873548;6B.1A.5a.2a.1;N;D;A;S;A;R;G;T;A;D;A
A/Netherlands/10002/2024|EPI_ISL_18773023;6B.1A.5a.2a.1;N;D;A;S;A;R;G;T;A;D;A
A/Netherlands/01739/2023|EPI_ISL_18500139;6B.1A.5a.2a.1;N;D;A;S;A;R;G;T;A;D;A
A/Netherlands/01941/2023|EPI_ISL_18721667;6B.1A.5a.2a.1;N;D;A;S;A;R;G;T;A;D;A
A/Netherlands/01952/2023|EPI_ISL_18721676;6B.1A.5a.2a.1;N;D;A;S;A;R;G;T;A;D;A
A/Netherlands/10612/2023|EPI_ISL_18718195;6B.1A.5a.2a.1;N;D;A;S;A;R;G;T;A;D;A
A/Netherlands/01877/2023|EPI_ISL_18673767;6B.1A.5a.2a.1;N;D;A;S;A;R;G;T;A;D;A
A/Netherlands/01958/2023|EPI_ISL_18721682;6B.1A.5a.2a.1;N;D;A;S;A;R;G;T;A;D;A
A/Netherlands/00718/2024|EPI_ISL_18918726;6B.1A.5a.2a.1;N;D;A;S;A;R;G;T;A;D;A
A/Netherlands/02005/2023|EPI_ISL_18721714;6B.1A.5a.2a.1;N;D;A;S;A;R;G;T;A;D;A
A/Netherlands/10176/2024|EPI_ISL_18877912;6B.1A.5a.2a.1;N;D;A;S;A;R;G;T;A;D;A
A/Netherlands/02000/2023|EPI_ISL_18721709;6B.1A.5a.2a.1;N;D;A;S;A;R;G;T;A;D;A
A/Netherlands/01721/2023|EPI_ISL_18451393;6B.1A.5a.2a.1;N;D;A;S;A;R;G;T;A;D;A
A/Netherlands/10144/2024|EPI_ISL_18877868;6B.1A.5a.2a.1;N;D;A;S;A;R;G;T;A;D;A
A/Netherlands/01997/2023|EPI_ISL_18721706;6B.1A.5a.2a.1;N;D;A;S;A;R;G;T;A;D;A
A/Netherlands/10173/2024|EPI_ISL_18877909;6B.1A.5a.2a.1;N;D;A;S;A;R;G;T;A;D;A
A/Netherlands/00257/2024|EPI_ISL_18854117;6B.1A.5a.2a.1;N;D;A;S;A;R;G;T;A;D;A
A/Netherlands/10105/2024|EPI_ISL_18842136;6B.1A.5a.2a.1;N;D;A;S;A;R;G;T;A;D;A
A/Curacao/10675/2023|EPI_ISL_18842159;6B.1A.5a.2a.1;N;D;A;S;A;R;G;T;A;D;A
A/Netherlands/01745/2023|EPI_ISL_18500145;6B.1A.5a.2a.1;N;D;A;S;A;R;G;T;A;D;A
A/Netherlands/10649/2023|EPI_ISL_18773077;6B.1A.5a.2a.1;N;D;A;S;A;R;G;T;A;D;A
A/Netherlands/10097/2024|EPI_ISL_18842127;6B.1A.5a.2a.1;N;D;A;S;A;R;G;T;A;D;A
A/Netherlands/10037/2024|EPI_ISL_18773040;6B.1A.5a.2a.1;N;D;A;S;A;R;G;T;A;D;A
A/Netherlands/10039/2024|EPI_ISL_18773041;6B.1A.5a.2a.1;N;D;A;S;A;R;G;T;A;D;A
A/Netherlands/10056/2024|EPI_ISL_18842118;6B.1A.5a.2a.1;N;D;A;S;A;R;G;T;A;D;A
A/Netherlands/10642/2023|EPI_ISL_18773044;6B.1A.5a.2a.1;N;D;A;S;A;R;G;T;A;D;A
A/Netherlands/01754/2023|EPI_ISL_18500153;6B.1A.5a.2a.1;N;D;A;S;A;R;G;T;A;D;A
A/Netherlands/10013/2024|EPI_ISL_18773047;6B.1A.5a.2a.1;N;D;A;S;A;R;G;T;A;D;A
A/Netherlands/10558/2023|EPI_ISL_18545930;6B.1A.5a.2a.1;N;D;A;S;A;R;G;T;A;D;A
A/Netherlands/00142/2024|EPI_ISL_18821295;6B.1A.5a.2a.1;N;D;A;S;A;R;G;T;A;D;A
A/Netherlands/10240/2024|EPI_ISL_18877926;6B.1A.5a.2a.1;N;D;A;S;A;R;G;T;A;D;A
A/Netherlands/10648/2023|EPI_ISL_18773076;6B.1A.5a.2a.1;N;D;A;S;A;R;G;T;A;D;A
A/Netherlands/10423/2024|EPI_ISL_18913365;6B.1A.5a.2a.1;N;D;A;S;A;R;G;T;A;D;A
A/Netherlands/01188/2024|EPI_ISL_18980205;6B.1A.5a.2a.1;N;D;A;S;A;R;G;T;A;D;A
A/Netherlands/10258/2024|EPI_ISL_18890410;6B.1A.5a.2a.1;N;D;A;S;A;R;G;T;A;D;A
A/Netherlands/00565/2024|EPI_ISL_18900647;6B.1A.5a.2a.1;N;D;A;S;A;R;G;T;A;D;A
A/Netherlands/10603/2023|EPI_ISL_18652681;6B.1A.5a.2a.1;N;D;A;S;A;R;G;T;A;D;A
A/Netherlands/01785/2023|EPI_ISL_18566795;6B.1A.5a.2a.1;N;D;A;S;A;R;G;T;A;D;A
A/Netherlands/00846/2024|EPI_ISL_18941991;6B.1A.5a.2a.1;N;D;A;S;A;R;G;T;A;D;A
A/Netherlands/10401/2024|EPI_ISL_18913253;6B.1A.5a.2a.1;N;D;A;S;A;R;G;T;A;D;A
A/Netherlands/10525/2023|EPI_ISL_17770543;6B.1A.5a.2a.1;N;D;A;S;A;R;G;T;A;D;A
A/Netherlands/10575/2023|EPI_ISL_18652672;6B.1A.5a.2a.1;N;D;A;S;A;R;G;T;A;D;A
A/Netherlands/00870/2024|EPI_ISL_18941995;6B.1A.5a.2a.1;N;D;A;S;A;R;G;T;A;D;A
A/Netherlands/01822/2023|EPI_ISL_18634816;6B.1A.5a.2a.1;N;D;A;S;A;R;G;T;A;D;A
A/Netherlands/00901/2024|EPI_ISL_18942004;6B.1A.5a.2a.1;N;D;A;S;A;R;G;T;A;D;A
A/Netherlands/00474/2024|EPI_ISL_18873591;6B.1A.5a.2a.1;N;D;A;S;A;R;G;T;A;D;A
A/Netherlands/00669/2024|EPI_ISL_18900665;6B.1A.5a.2a.1;N;D;A;S;A;R;G;T;A;D;A
A/Netherlands/10512/2024|EPI_ISL_18950654;6B.1A.5a.2a.1;N;D;A;S;A;R;G;T;A;D;A
A/Netherlands/00862/2024|EPI_ISL_18941994;6B.1A.5a.2a.1;N;D;A;S;A;R;G;T;A;D;A
A/Netherlands/10172/2024|EPI_ISL_18877908;6B.1A.5a.2a.1;N;D;A;S;A;R;G;T;A;D;A
A/Netherlands/10506/2024|EPI_ISL_18950653;6B.1A.5a.2a.1;N;D;A;S;A;R;G;T;A;D;A
A/Netherlands/01835/2023|EPI_ISL_18653480;6B.1A.5a.2a.1;N;D;A;S;A;R;G;T;A;D;A
A/Netherlands/00631/2024|EPI_ISL_18900660;6B.1A.5a.2a.1;N;D;A;S;A;R;G;T;A;D;A
A/Netherlands/10463/2024|EPI_ISL_18936083;6B.1A.5a.2a.1;N;D;A;S;A;R;G;T;A;D;A
A/Netherlands/01851/2023|EPI_ISL_18653493;6B.1A.5a.2a.1;N;D;A;S;A;R;G;T;A;D;A
A/Netherlands/01797/2023|EPI_ISL_18567520;6B.1A.5a.2a.1;N;D;A;S;A;R;G;T;A;D;A
A/Netherlands/10636/2023|EPI_ISL_18718211;6B.1A.5a.2a.1;N;D;A;S;A;R;G;T;A;D;A
A/Netherlands/10294/2024|EPI_ISL_18890486;6B.1A.5a.2a.1;N;D;A;S;A;R;G;T;A;D;A
A/Netherlands/01675/2023|EPI_ISL_18290269;6B.1A.5a.2a.1;N;D;A;S;A;R;G;T;A;D;A
A/Netherlands/01838/2023|EPI_ISL_18653482;6B.1A.5a.2a.1;N;D;A;S;A;R;G;T;A;D;A
A/Netherlands/01800/2023|EPI_ISL_18566805;6B.1A.5a.2a.1;N;D;A;S;A;R;G;T;A;D;A
A/Netherlands/01814/2023|EPI_ISL_18634810;6B.1A.5a.2a.1;N;D;A;S;A;R;G;T;A;D;A
A/Netherlands/10328/2024|EPI_ISL_18890443;6B.1A.5a.2a.1;N;D;A;S;A;R;G;T;A;D;A
A/Netherlands/01807/2023|EPI_ISL_18634805;6B.1A.5a.2a.1;N;D;A;S;A;R;G;T;A;D;A
A/Netherlands/01798/2023|EPI_ISL_18566806;6B.1A.5a.2a.1;N;D;A;S;A;R;G;T;A;D;A
A/Netherlands/10264/2024|EPI_ISL_18890414;6B.1A.5a.2a.1;N;D;A;S;A;R;G;T;A;D;A
A/Netherlands/10269/2024|EPI_ISL_18890422;6B.1A.5a.2a.1;N;D;A;S;A;R;G;T;A;D;A
A/Netherlands/01894/2023|EPI_ISL_18673784;6B.1A.5a.2a.1;N;D;A;S;A;R;G;T;A;D;A
A/Netherlands/00853/2024|EPI_ISL_18941992;6B.1A.5a.2a.1;N;D;A;S;A;R;G;T;A;D;A
A/Netherlands/10594/2023|EPI_ISL_18718216;6B.1A.5a.2a.1;N;D;A;S;A;R;G;T;A;D;A
A/Netherlands/01885/2023|EPI_ISL_18673775;6B.1A.5a.2a.1;N;D;A;S;A;R;G;T;A;D;A
A/Netherlands/01796/2023|EPI_ISL_18567519;6B.1A.5a.2a.1;N;D;A;S;A;R;G;T;A;D;A
A/Netherlands/01884/2023|EPI_ISL_18673774;6B.1A.5a.2a.1;N;D;A;S;A;R;G;T;A;D;A
A/Netherlands/10021/2024|EPI_ISL_18773064;6B.1A.5a.2a.1;N;D;A;S;A;R;G;T;A;D;A
A/Netherlands/00572/2024|EPI_ISL_18900649;6B.1A.5a.2a.1;N;D;A;S;A;R;G;T;A;D;A
A/Netherlands/01859/2023|EPI_ISL_18653500;6B.1A.5a.2a.1;N;D;A;S;A;R;G;T;A;D;A
A/Netherlands/10481/2024|EPI_ISL_18936126;6B.1A.5a.2a.1;N;D;A;S;A;R;G;T;A;D;A
A/Netherlands/10532/2023|EPI_ISL_18209072;6B.1A.5a.2a.1;N;D;A;S;A;R;G;T;A;D;A
A/Netherlands/10344/2024|EPI_ISL_18913242;6B.1A.5a.2a.1;N;D;A;S;A;R;G;T;A;D;A
A/Netherlands/10364/2024|EPI_ISL_18890395;6B.1A.5a.2a.1;N;D;A;S;A;R;G;T;A;D;A
A/Netherlands/01886/2023|EPI_ISL_18673776;6B.1A.5a.2a.1;N;D;A;S;A;R;G;T;A;D;A
A/Netherlands/10275/2024|EPI_ISL_18890433;6B.1A.5a.2a.1;N;D;A;S;A;R;G;T;A;D;A
A/Netherlands/10456/2024|EPI_ISL_18936114;6B.1A.5a.2a.1;N;D;A;S;A;R;G;T;A;D;A
A/Netherlands/10599/2023|EPI_ISL_18718221;6B.1A.5a.2a.1;N;D;A;S;A;R;G;T;A;D;A
A/Netherlands/10469/2024|EPI_ISL_18936088;6B.1A.5a.2a.1;N;D;A;S;A;R;G;T;A;D;A
A/Netherlands/10287/2024|EPI_ISL_18890471;6B.1A.5a.2a.1;N;D;A;S;A;R;G;T;A;D;A
A/Netherlands/10286/2024|EPI_ISL_18890469;6B.1A.5a.2a.1;N;D;A;S;A;R;G;T;A;D;A
A/Netherlands/01778/2023|EPI_ISL_18566790;6B.1A.5a.2a;N;E;A;P;A;K;G;T;A;D;A
A/Netherlands/10410/2024|EPI_ISL_18936076;6B.1A.5a.2a;N;D;A;P;E;K;G;A;T;D;A
A/Netherlands/00154/2024|EPI_ISL_18821301;6B.1A.5a.2a;N;D;A;S;A;K;E;T;T;D;A
A/Netherlands/10427/2024|EPI_ISL_18913338;6B.1A.5a.2a;N;D;A;F;A;K;G;T;T;D;A
A/Netherlands/10150/2024|EPI_ISL_18877873;6B.1A.5a.2a;N;D;A;F;A;K;G;T;T;D;A
A/Netherlands/00983/2024|EPI_ISL_18961729;6B.1A.5a.2a;N;D;A;F;A;K;G;T;T;D;A
A/Netherlands/00239/2024|EPI_ISL_18854111;6B.1A.5a.2a;N;D;A;F;A;K;G;T;T;D;A
A/Netherlands/00081/2024|EPI_ISL_18790229;6B.1A.5a.2a;N;D;A;F;A;K;G;T;T;D;A
A/Netherlands/10000/2024|EPI_ISL_18773020;6B.1A.5a.2a;N;D;A;P;A;K;G;T;T;D;A
A/Netherlands/10034/2024|EPI_ISL_18773037;6B.1A.5a.2a;N;D;A;P;A;K;G;T;T;D;A
A/Netherlands/10337/2024|EPI_ISL_18913238;6B.1A.5a.2a;N;D;A;P;A;K;G;T;T;D;A
A/Netherlands/10008/2024|EPI_ISL_18773029;6B.1A.5a.2a;N;D;A;P;A;K;G;T;T;D;A
A/Netherlands/10036/2024|EPI_ISL_18773039;6B.1A.5a.2a;N;D;A;P;A;K;G;T;T;D;A
A/Netherlands/10009/2024|EPI_ISL_18773030;6B.1A.5a.2a;N;D;A;P;A;K;G;T;T;D;A
A/Netherlands/10640/2023|EPI_ISL_18773019;6B.1A.5a.2a;N;D;A;P;A;K;G;T;T;D;A
A/Netherlands/10005/2024|EPI_ISL_18773026;6B.1A.5a.2a;N;D;A;P;A;K;G;T;T;D;A
A/Netherlands/10245/2024|EPI_ISL_18877930;6B.1A.5a.2a;N;D;A;P;A;K;G;T;T;D;A
A/Netherlands/10157/2024|EPI_ISL_18877898;6B.1A.5a.2a;N;D;A;P;A;K;G;T;T;D;A
A/Netherlands/10356/2024|EPI_ISL_18890504;6B.1A.5a.2a;N;D;A;P;A;K;G;T;T;D;A
A/Netherlands/01789/2023|EPI_ISL_18566799;6B.1A.5a.2a;N;D;A;P;A;K;G;T;T;D;A
A/Netherlands/10016/2024|EPI_ISL_18773050;6B.1A.5a.2a;N;D;A;P;A;K;G;T;T;D;A
A/Netherlands/10317/2024|EPI_ISL_18913235;6B.1A.5a.2a;N;D;A;P;A;K;G;T;T;D;A
A/Netherlands/10577/2023|EPI_ISL_18652674;6B.1A.5a.2a;N;D;A;P;A;K;G;T;T;D;A
A/Netherlands/10617/2023|EPI_ISL_18718199;6B.1A.5a.2a;N;D;A;P;A;K;G;T;T;D;A
A/Netherlands/00559/2024|EPI_ISL_18900645;6B.1A.5a.2a;N;D;A;P;A;K;G;T;T;D;A
A/Netherlands/10012/2024|EPI_ISL_18773033;6B.1A.5a.2a;N;D;A;P;A;K;G;T;T;D;A
A/Netherlands/10030/2024|EPI_ISL_18773035;6B.1A.5a.2a;N;D;A;P;A;K;G;T;T;D;A
A/Netherlands/00509/2024|EPI_ISL_18900637;6B.1A.5a.2a;N;D;A;P;A;K;G;T;T;D;A
A/Netherlands/10184/2024|EPI_ISL_18877919;6B.1A.5a.2a;N;D;A;P;A;K;G;T;T;D;A
A/Netherlands/10043/2024|EPI_ISL_18773043;6B.1A.5a.2a;N;D;A;P;A;K;G;T;T;D;A
A/Netherlands/10288/2024|EPI_ISL_18890473;6B.1A.5a.2a;N;D;A;P;A;K;G;T;T;D;A
A/Netherlands/10646/2023|EPI_ISL_18773074;6B.1A.5a.2a;N;D;A;P;A;K;G;T;T;D;A
A/Netherlands/10042/2024|EPI_ISL_18773042;6B.1A.5a.2a;N;D;A;P;A;K;G;T;T;D;A
A/Netherlands/10569/2023|EPI_ISL_18652663;6B.1A.5a.2a;N;D;A;P;A;K;G;T;T;D;A
A/Netherlands/10155/2024|EPI_ISL_18877896;6B.1A.5a.2a;N;D;A;P;A;K;G;T;T;D;A
A/Netherlands/10028/2024|EPI_ISL_18773071;6B.1A.5a.2a;N;D;A;P;A;K;G;T;T;D;A
A/Netherlands/10283/2024|EPI_ISL_18890464;6B.1A.5a.2a;N;D;A;P;A;K;G;T;T;D;A
A/Netherlands/10166/2024|EPI_ISL_18877905;6B.1A.5a.2a;N;D;A;P;A;K;G;T;T;D;A
A/Netherlands/10004/2024|EPI_ISL_18773025;6B.1A.5a.2a;N;D;A;P;A;K;G;T;T;D;A
A/Netherlands/01779/2023|EPI_ISL_18566791;6B.1A.5a.2a;N;D;A;P;A;K;G;T;T;D;A
A/Netherlands/10627/2023|EPI_ISL_18718231;6B.1A.5a.2a;N;D;A;P;A;K;G;T;T;D;A
A/Netherlands/10015/2024|EPI_ISL_18773049;6B.1A.5a.2a;N;D;A;P;A;K;G;T;T;D;A
A/Netherlands/10436/2024|EPI_ISL_18913272;6B.1A.5a.2a;N;D;A;P;A;K;G;T;T;D;A
A/Netherlands/10014/2024|EPI_ISL_18773048;6B.1A.5a.2a;N;D;A;P;A;K;G;T;T;D;A
A/Netherlands/10007/2024|EPI_ISL_18773028;6B.1A.5a.2a;N;D;A;P;A;K;G;T;T;D;A
A/Netherlands/10647/2023|EPI_ISL_18773075;6B.1A.5a.2a;N;D;A;P;A;K;G;T;T;D;A
A/Netherlands/01263/2024|EPI_ISL_19001228;6B.1A.5a.2a;N;D;A;P;A;K;G;T;T;D;A
A/Netherlands/10396/2024|EPI_ISL_18913251;6B.1A.5a.2a;N;D;A;P;A;K;G;T;T;D;A
A/Netherlands/10044/2024|EPI_ISL_18773051;6B.1A.5a.2a;N;D;A;P;A;K;G;T;T;D;A
A/Netherlands/10237/2024|EPI_ISL_18877923;6B.1A.5a.2a;N;D;A;P;A;K;G;T;T;D;A
A/Netherlands/10118/2024|EPI_ISL_18842145;6B.1A.5a.2a;N;D;A;P;A;K;G;T;T;D;A
A/Netherlands/10272/2024|EPI_ISL_18890429;6B.1A.5a.2a;N;D;A;P;A;K;G;T;T;D;A
A/Netherlands/01138/2024|EPI_ISL_18961762;6B.1A.5a.2a;N;D;A;P;A;K;G;T;T;D;A
A/Netherlands/00782/2024|EPI_ISL_18918744;6B.1A.5a.2a;N;D;A;P;A;K;G;T;T;D;A
A/Netherlands/10270/2024|EPI_ISL_18890425;6B.1A.5a.2a;N;D;A;P;A;K;G;T;T;D;A
A/Netherlands/01080/2024|EPI_ISL_18961755;6B.1A.5a.2a;N;D;A;P;A;K;G;T;T;D;A
A/Netherlands/10583/2023|EPI_ISL_18652677;6B.1A.5a.2a;N;D;A;P;A;K;G;T;T;D;A
A/Netherlands/10278/2024|EPI_ISL_18890458;6B.1A.5a.2a;N;D;A;P;A;K;G;T;T;D;A
A/Netherlands/00781/2024|EPI_ISL_18918743;6B.1A.5a.2a;N;D;A;P;A;K;G;T;T;D;A
A/Netherlands/10280/2024|EPI_ISL_18890460;6B.1A.5a.2a;N;D;A;P;A;K;G;T;T;D;A
A/Netherlands/10334/2024|EPI_ISL_18890454;6B.1A.5a.2a;N;D;A;P;A;K;G;T;T;D;A
A/Netherlands/00787/2024|EPI_ISL_18918748;6B.1A.5a.2a;N;D;A;P;A;K;G;T;T;D;A
A/Netherlands/10116/2024|EPI_ISL_18842144;6B.1A.5a.2a;N;D;A;P;A;K;G;T;T;D;A
A/Netherlands/10370/2024|EPI_ISL_18877866;6B.1A.5a.2a;N;D;A;P;A;K;G;T;T;D;A
A/Netherlands/01056/2024|EPI_ISL_18961748;6B.1A.5a.2a;N;D;A;P;A;K;G;T;T;D;A
A/Netherlands/10281/2024|EPI_ISL_18890462;6B.1A.5a.2a;N;D;A;P;A;K;G;T;T;D;A
A/Netherlands/01609/2023|EPI_ISL_18101627;6B.1A.5a.2a;N;D;A;P;A;K;G;T;T;D;A
A/Netherlands/10054/2024|EPI_ISL_18842187;6B.1A.5a.2a;N;D;A;P;A;K;G;T;T;D;A
A/Netherlands/01030/2024|EPI_ISL_18961743;6B.1A.5a.2a;N;D;A;P;A;K;G;T;T;D;A
A/Netherlands/01070/2024|EPI_ISL_18961754;6B.1A.5a.2a;N;D;A;P;A;K;G;T;T;D;A
A/Curacao/10194/2024|EPI_ISL_18842179;6B.1A.5a.2a;N;D;A;P;A;K;G;T;T;D;A
A/Netherlands/10209/2024|EPI_ISL_18877860;6B.1A.5a.2a;N;D;A;P;A;K;G;T;T;D;A
A/Netherlands/01019/2024|EPI_ISL_18961740;6B.1A.5a.2a;N;D;A;P;A;K;G;T;T;D;A
A/Netherlands/10325/2024|EPI_ISL_18890441;6B.1A.5a.2a;N;D;A;P;A;K;G;T;T;D;A
A/Netherlands/10099/2024|EPI_ISL_18842129;6B.1A.5a.2a;N;D;A;P;A;K;G;T;T;D;A
A/Netherlands/10297/2024|EPI_ISL_18890490;6B.1A.5a.2a;N;D;A;P;A;K;G;T;T;D;A
A/Netherlands/01012/2024|EPI_ISL_18961737;6B.1A.5a.2a;N;D;A;P;A;K;G;T;T;D;A
A/Netherlands/10300/2024|EPI_ISL_18890492;6B.1A.5a.2a;N;D;A;P;A;K;G;T;T;D;A
A/Netherlands/10557/2023|EPI_ISL_18545933;6B.1A.5a.2a;N;D;A;P;A;K;G;T;T;D;A
A/Netherlands/10252/2024|EPI_ISL_18877936;6B.1A.5a.2a;N;D;A;P;A;K;G;T;T;D;A
A/Netherlands/10638/2023|EPI_ISL_18773017;6B.1A.5a.2a;N;D;A;P;A;K;G;T;T;D;A
A/Netherlands/01068/2024|EPI_ISL_18961752;6B.1A.5a.2a;N;D;A;P;A;K;G;T;T;D;A
A/Netherlands/01636/2023|EPI_ISL_18101709;6B.1A.5a.2a;N;D;A;P;A;K;G;T;T;D;A
A/Netherlands/10285/2024|EPI_ISL_18890467;6B.1A.5a.2a;N;D;A;P;A;K;G;T;T;D;A
A/Netherlands/10651/2023|EPI_ISL_18773055;6B.1A.5a.2a;N;D;A;P;A;K;G;T;T;D;A
A/Netherlands/00060/2024|EPI_ISL_18790222;6B.1A.5a.2a;N;D;A;P;A;K;G;T;T;D;A
A/Netherlands/10182/2024|EPI_ISL_18877918;6B.1A.5a.2a;N;D;A;P;A;K;G;T;T;D;A
A/Netherlands/10181/2024|EPI_ISL_18877917;6B.1A.5a.2a;N;D;A;P;A;K;G;T;T;D;A
A/Netherlands/10127/2024|EPI_ISL_18877888;6B.1A.5a.2a;N;D;A;P;A;K;G;T;T;D;A
A/Netherlands/10156/2024|EPI_ISL_18877897;6B.1A.5a.2a;N;D;A;P;A;K;G;T;T;D;A
A/Netherlands/10178/2024|EPI_ISL_18877914;6B.1A.5a.2a;N;D;A;P;A;K;G;T;T;D;A
A/Netherlands/10637/2023|EPI_ISL_18718212;6B.1A.5a.2a;N;D;A;P;A;K;G;T;T;D;A
A/Netherlands/10165/2024|EPI_ISL_18877904;6B.1A.5a.2a;N;D;A;P;A;K;G;T;T;D;A
A/Netherlands/10367/2024|EPI_ISL_18890403;6B.1A.5a.2a;N;D;A;P;A;K;G;T;T;D;A
A/Netherlands/10662/2023|EPI_ISL_18773066;6B.1A.5a.2a;N;D;A;P;A;K;G;T;T;D;A
A/Netherlands/01776/2023|EPI_ISL_18566788;6B.1A.5a.2a;N;D;A;P;A;K;G;T;T;D;A
A/Netherlands/10250/2024|EPI_ISL_18877934;6B.1A.5a.2a;N;D;A;P;A;K;G;T;T;D;A
A/Netherlands/10238/2024|EPI_ISL_18877924;6B.1A.5a.2a;N;D;A;P;A;K;G;T;T;D;A
A/Netherlands/10246/2024|EPI_ISL_18877931;6B.1A.5a.2a;N;D;A;P;A;K;G;T;T;D;A
A/Netherlands/10243/2024|EPI_ISL_18877929;6B.1A.5a.2a;N;D;A;P;A;K;G;T;T;D;A
A/Netherlands/10239/2024|EPI_ISL_18877925;6B.1A.5a.2a;N;D;A;P;A;K;G;T;T;D;A
A/Netherlands/01623/2023|EPI_ISL_18101691;6B.1A.5a.2a;N;D;A;P;A;K;G;T;T;D;A
A/Netherlands/10229/2024|EPI_ISL_18877884;6B.1A.5a.2a;N;D;A;P;A;K;G;T;T;D;A
A/Netherlands/01616/2023|EPI_ISL_18101668;6B.1A.5a.2a;N;D;A;P;A;K;G;T;T;D;A
A/Netherlands/10323/2024|EPI_ISL_18890437;6B.1A.5a.2a;N;D;A;P;A;K;G;T;T;D;A
A/Netherlands/10254/2024|EPI_ISL_18877864;6B.1A.5a.2a;N;D;A;P;A;K;G;T;T;D;A
A/Netherlands/10315/2024|EPI_ISL_18890393;6B.1A.5a.2a;N;D;A;P;A;K;G;T;T;D;A
A/Netherlands/01147/2024|EPI_ISL_18980187;6B.1A.5a.2a;N;D;A;P;A;K;G;T;T;D;A
A/Netherlands/00786/2024|EPI_ISL_18918747;6B.1A.5a.2a;N;D;A;P;A;K;G;T;T;D;A
A/Netherlands/10146/2024|EPI_ISL_18877870;6B.1A.5a.2a;N;D;A;P;A;K;G;T;T;D;A
A/Netherlands/10177/2024|EPI_ISL_18877913;6B.1A.5a.2a;N;D;A;P;A;K;G;T;T;D;A
A/Netherlands/01031/2024|EPI_ISL_18961744;6B.1A.5a.2a;N;D;A;P;A;K;G;T;T;D;A
A/Netherlands/00765/2024|EPI_ISL_18918736;6B.1A.5a.2a;N;D;A;P;A;K;G;T;T;D;A
A/Netherlands/10331/2024|EPI_ISL_18890449;6B.1A.5a.2a;N;D;A;P;A;K;G;T;T;D;A
A/Netherlands/10019/2024|EPI_ISL_18773062;6B.1A.5a.2a;N;D;A;P;A;K;G;T;T;D;A
A/Netherlands/00064/2024|EPI_ISL_18790225;6B.1A.5a.2a;N;D;A;P;A;K;G;T;T;D;A
A/Netherlands/00038/2024|EPI_ISL_18790210;6B.1A.5a.2a;N;D;A;P;A;K;G;T;T;D;A
A/Netherlands/01309/2024|EPI_ISL_19001246;6B.1A.5a.2a;N;D;A;P;A;K;G;T;T;D;A
A/Netherlands/01292/2024|EPI_ISL_19001238;6B.1A.5a.2a;N;D;A;P;A;K;G;T;T;D;A
A/Netherlands/10580/2023|EPI_ISL_18652675;6B.1A.5a.2a;N;D;A;P;A;K;G;T;T;D;A
A/Netherlands/01296/2024|EPI_ISL_19001239;6B.1A.5a.2a;N;D;A;P;A;K;G;T;T;D;A
A/Netherlands/00068/2024|EPI_ISL_18790226;6B.1A.5a.2a;N;D;A;P;A;K;G;T;T;D;A
A/Netherlands/10546/2023|EPI_ISL_18320573;6B.1A.5a.2a;N;D;A;P;A;K;G;T;T;D;A
A/Netherlands/10351/2024|EPI_ISL_18913247;6B.1A.5a.2a;N;D;A;P;A;K;G;T;T;D;A
A/Netherlands/01252/2024|EPI_ISL_19001223;6B.1A.5a.2a;N;D;A;P;A;K;G;T;T;D;A
A/Netherlands/00314/2024|EPI_ISL_18873542;6B.1A.5a.2a;N;D;A;P;A;K;G;T;T;D;A
A/Netherlands/01677/2023|EPI_ISL_18290271;6B.1A.5a.2a;N;D;A;P;A;K;G;T;T;D;A
A/Netherlands/00520/2024|EPI_ISL_18900640;6B.1A.5a.2a;N;D;A;P;A;K;G;T;T;D;A
A/Netherlands/00502/2024|EPI_ISL_18873598;6B.1A.5a.2a;N;D;A;P;A;K;G;T;T;D;A
A/Netherlands/10376/2024|EPI_ISL_18913260;6B.1A.5a.2a;N;D;A;P;A;K;G;T;T;D;A
A/Netherlands/10251/2024|EPI_ISL_18877935;6B.1A.5a.2a;N;D;A;P;A;K;G;T;T;D;A
A/Netherlands/10377/2024|EPI_ISL_18913261;6B.1A.5a.2a;N;D;A;P;A;K;G;T;T;D;A
A/Netherlands/10375/2024|EPI_ISL_18913259;6B.1A.5a.2a;N;D;A;P;A;K;G;T;T;D;A
A/Netherlands/10626/2023|EPI_ISL_18718230;6B.1A.5a.2a;N;D;A;P;A;K;G;T;T;D;A
A/Netherlands/10403/2024|EPI_ISL_18913255;6B.1A.5a.2a;N;D;A;P;A;K;G;T;T;D;A
A/Netherlands/10393/2024|EPI_ISL_18913249;6B.1A.5a.2a;N;D;A;P;A;K;G;T;T;D;A
A/Netherlands/00334/2024|EPI_ISL_18873551;6B.1A.5a.2a;N;D;A;P;A;K;G;T;T;D;A
A/Netherlands/00571/2024|EPI_ISL_18900648;6B.1A.5a.2a;N;D;A;P;A;K;G;T;T;D;A
A/Netherlands/00090/2024|EPI_ISL_18790234;6B.1A.5a.2a;N;D;A;P;A;K;G;T;T;D;A
A/Netherlands/01311/2024|EPI_ISL_19001247;6B.1A.5a.2a;N;D;A;P;A;K;G;T;T;D;A
A/Netherlands/00594/2024|EPI_ISL_18900654;6B.1A.5a.2a;N;D;A;P;A;K;G;T;T;D;A
A/Netherlands/10347/2024|EPI_ISL_18913245;6B.1A.5a.2a;N;D;A;P;A;K;G;T;T;D;A
A/Netherlands/01267/2024|EPI_ISL_19001229;6B.1A.5a.2a;N;D;A;P;A;K;G;T;T;D;A
A/Curacao/10587/2023|EPI_ISL_18652755;6B.1A.5a.2a;N;D;A;P;A;K;G;T;T;D;A
A/Netherlands/10361/2024|EPI_ISL_18890513;6B.1A.5a.2a;N;D;A;P;A;K;G;T;T;D;A
A/Netherlands/00041/2024|EPI_ISL_18790212;6B.1A.5a.2a;N;D;A;P;A;K;G;T;T;D;A
A/Netherlands/00394/2024|EPI_ISL_18873570;6B.1A.5a.2a;N;D;A;P;A;K;G;T;T;D;A
A/Netherlands/00436/2024|EPI_ISL_18873573;6B.1A.5a.2a;N;D;A;P;A;K;G;T;T;D;A
A/Netherlands/10611/2023|EPI_ISL_18718194;6B.1A.5a.2a;N;D;A;P;A;K;G;T;T;D;A
A/Netherlands/00094/2024|EPI_ISL_18790238;6B.1A.5a.2a;N;D;A;P;A;K;G;T;T;D;A
A/Netherlands/01618/2023|EPI_ISL_18101688;6B.1A.5a.2a;N;D;A;P;A;K;G;T;T;D;A
A/Netherlands/01303/2024|EPI_ISL_19001242;6B.1A.5a.2a;N;D;A;P;A;K;G;T;T;D;A
A/Netherlands/01668/2023|EPI_ISL_18290267;6B.1A.5a.2a;N;D;A;P;A;K;G;T;T;D;A
A/Netherlands/10260/2024|EPI_ISL_18913234;6B.1A.5a.2a;N;D;A;P;A;K;G;T;T;D;A
A/Netherlands/10634/2023|EPI_ISL_18718209;6B.1A.5a.2a;N;D;A;P;A;K;G;T;T;D;A
A/Netherlands/00531/2024|EPI_ISL_18900643;6B.1A.5a.2a;N;D;A;P;A;K;G;T;T;D;A
A/Netherlands/01316/2024|EPI_ISL_19001251;6B.1A.5a.2a;N;D;A;P;A;K;G;T;T;D;A
A/Netherlands/10327/2024|EPI_ISL_18913237;6B.1A.5a.2a;N;D;A;P;A;K;G;T;T;D;A
A/Netherlands/10592/2023|EPI_ISL_18718214;6B.1A.5a.2a;N;D;A;P;A;K;G;T;T;D;A
A/Netherlands/10576/2023|EPI_ISL_18652673;6B.1A.5a.2a;N;D;A;P;A;K;G;T;T;D;A
A/Netherlands/10388/2024|EPI_ISL_18913268;6B.1A.5a.2a;N;D;A;P;A;K;G;T;T;D;A
A/Netherlands/10342/2024|EPI_ISL_18913240;6B.1A.5a.2a;N;D;A;P;A;K;G;T;T;D;A
A/Netherlands/10645/2023|EPI_ISL_18773073;6B.1A.5a.2a;N;D;A;P;A;K;G;T;T;D;A
A/Netherlands/10350/2024|EPI_ISL_18913246;6B.1A.5a.2a;N;D;A;P;A;K;G;T;T;D;A
A/Netherlands/10628/2023|EPI_ISL_18718232;6B.1A.5a.2a;N;D;A;P;A;K;G;T;T;D;A
A/Netherlands/10382/2024|EPI_ISL_18913266;6B.1A.5a.2a;N;D;A;P;A;K;G;T;T;D;A
A/Netherlands/10629/2023|EPI_ISL_18718233;6B.1A.5a.2a;N;D;A;P;A;K;G;T;T;D;A
A/Netherlands/10433/2024|EPI_ISL_18913271;6B.1A.5a.2a;N;D;A;P;A;K;G;T;T;D;A
A/Netherlands/10381/2024|EPI_ISL_18913265;6B.1A.5a.2a;N;D;A;P;A;K;G;T;T;D;A
A/Netherlands/10345/2024|EPI_ISL_18913243;6B.1A.5a.2a;N;D;A;P;A;K;G;T;T;D;A
A/Netherlands/01297/2024|EPI_ISL_19001240;6B.1A.5a.2a;N;D;A;P;A;K;G;T;T;D;A
A/Netherlands/10346/2024|EPI_ISL_18913244;6B.1A.5a.2a;N;D;A;P;A;K;G;T;T;D;A
A/Netherlands/10360/2024|EPI_ISL_18890511;6B.1A.5a.2a;N;D;A;P;A;K;G;T;T;D;A
A/Netherlands/10530/2023|EPI_ISL_18134982;6B.1A.5a.2a;N;D;A;P;A;K;G;T;T;D;A
A/Netherlands/10441/2024|EPI_ISL_18913276;6B.1A.5a.2a;N;D;A;P;A;K;G;T;T;D;A
A/Netherlands/10395/2024|EPI_ISL_18913250;6B.1A.5a.2a;N;D;A;P;A;K;G;T;T;D;A
A/Netherlands/00528/2024|EPI_ISL_18900641;6B.1A.5a.2a;N;D;A;P;A;K;G;T;T;D;A
A/Netherlands/10595/2023|EPI_ISL_18718217;6B.1A.5a.2a;N;D;A;P;A;K;G;T;T;D;A
A/Netherlands/00076/2024|EPI_ISL_18790227;6B.1A.5a.2a;N;D;A;P;A;K;G;T;T;D;A
A/Netherlands/01257/2024|EPI_ISL_19001227;6B.1A.5a.2a;N;D;A;P;A;K;G;T;T;D;A
A/Netherlands/10035/2024|EPI_ISL_18773038;6B.1A.5a.2a;N;D;A;P;A;K;G;T;T;D;A
A/Netherlands/10588/2023|EPI_ISL_18652686;6B.1A.5a.2a;N;D;A;P;A;K;G;T;T;D;A
A/Netherlands/00364/2024|EPI_ISL_18873561;6B.1A.5a.2a;N;D;A;P;A;K;G;T;T;D;A
A/Netherlands/10130/2024|EPI_ISL_18877890;6B.1A.5a.2a;N;D;A;P;A;K;G;T;T;D;A
A/Netherlands/00061/2024|EPI_ISL_18790223;6B.1A.5a.2a;N;D;A;P;A;K;G;T;T;D;A
A/Netherlands/10200/2024|EPI_ISL_18877854;6B.1A.5a.2a;N;D;A;P;A;K;G;T;T;D;A
A/Netherlands/00062/2024|EPI_ISL_18790224;6B.1A.5a.2a;N;D;A;P;A;K;G;T;T;D;A
A/Netherlands/00093/2024|EPI_ISL_18790237;6B.1A.5a.2a;N;D;A;P;A;K;G;T;T;D;A
A/Netherlands/10608/2023|EPI_ISL_18718227;6B.1A.5a.2a;N;D;A;P;A;K;G;T;T;D;A
A/Netherlands/00331/2024|EPI_ISL_18873550;6B.1A.5a.2a;N;D;A;P;A;K;G;T;T;D;A
A/Netherlands/10366/2024|EPI_ISL_18890401;6B.1A.5a.2a;N;D;A;P;A;K;G;T;T;D;A
A/Netherlands/10022/2024|EPI_ISL_18773067;6B.1A.5a.2a;N;D;A;P;A;K;G;T;T;D;A
A/Netherlands/00327/2024|EPI_ISL_18873545;6B.1A.5a.2a;N;D;A;P;A;K;G;T;T;D;A
A/Netherlands/10535/2023|EPI_ISL_18234505;6B.1A.5a.2a;N;D;A;P;A;K;G;T;T;D;A
A/Netherlands/00335/2024|EPI_ISL_18873553;6B.1A.5a.2a;N;D;A;P;A;K;G;T;T;D;A
A/Netherlands/10369/2024|EPI_ISL_18890408;6B.1A.5a.2a;N;D;A;P;A;K;G;T;T;D;A
A/Netherlands/10597/2023|EPI_ISL_18718219;6B.1A.5a.2a;N;D;A;P;A;K;G;T;T;D;A
A/Netherlands/10314/2024|EPI_ISL_18890390;6B.1A.5a.2a;N;D;A;P;A;K;G;T;T;D;A
A/Netherlands/10604/2023|EPI_ISL_18718223;6B.1A.5a.2a;N;D;A;P;A;K;G;T;T;D;A
A/Netherlands/00459/2024|EPI_ISL_18873585;6B.1A.5a.2a;N;D;A;P;A;K;G;T;T;D;A
A/Netherlands/10548/2023|EPI_ISL_18367706;6B.1A.5a.2a;N;D;A;P;A;K;G;T;T;D;A
A/Netherlands/10378/2024|EPI_ISL_18913262;6B.1A.5a.2a;N;D;A;P;A;K;G;T;T;D;A
A/Netherlands/00384/2024|EPI_ISL_18873562;6B.1A.5a.2a;N;D;A;P;A;K;G;T;T;D;A
A/Netherlands/10309/2024|EPI_ISL_18890379;6B.1A.5a.2a;N;D;A;P;A;K;G;T;T;D;A
A/Netherlands/00338/2024|EPI_ISL_18873554;6B.1A.5a.2a;N;D;A;P;A;K;G;T;T;D;A
A/Netherlands/00385/2024|EPI_ISL_18873564;6B.1A.5a.2a;N;D;A;P;A;K;G;T;T;D;A
A/Netherlands/10633/2023|EPI_ISL_18718208;6B.1A.5a.2a;N;D;A;P;A;K;G;T;T;D;A
A/Netherlands/10613/2023|EPI_ISL_18718196;6B.1A.5a.2a;N;D;A;P;A;K;G;T;T;D;A
A/Netherlands/10545/2023|EPI_ISL_18320572;6B.1A.5a.2a;N;D;A;P;A;K;G;T;T;D;A
A/Netherlands/10656/2023|EPI_ISL_18773059;6B.1A.5a.2a;N;D;A;P;A;K;G;T;T;D;A
A/Netherlands/10163/2024|EPI_ISL_18877903;6B.1A.5a.2a;N;D;A;P;A;K;G;T;T;D;A
A/Netherlands/10600/2023|EPI_ISL_18718222;6B.1A.5a.2a;N;D;A;P;A;K;G;T;T;D;A
A/Netherlands/10616/2023|EPI_ISL_18718198;6B.1A.5a.2a;N;D;A;P;A;K;G;T;T;D;A
A/Netherlands/10145/2024|EPI_ISL_18877869;6B.1A.5a.2a;N;D;A;P;A;K;G;T;T;D;A
A/Netherlands/01794/2023|EPI_ISL_18566803;6B.1A.5a.2a;N;D;A;P;A;K;G;T;T;D;A
A/Netherlands/00389/2024|EPI_ISL_18873565;6B.1A.5a.2a;N;D;A;P;A;K;G;T;T;D;A
A/Netherlands/00328/2024|EPI_ISL_18873547;6B.1A.5a.2a;N;D;A;P;A;K;G;T;T;D;A
A/Netherlands/00461/2024|EPI_ISL_18873586;6B.1A.5a.2a;N;D;A;P;A;K;G;T;T;D;A
A/Netherlands/00462/2024|EPI_ISL_18873588;6B.1A.5a.2a;N;D;A;P;A;K;G;T;T;D;A
A/Netherlands/10610/2023|EPI_ISL_18718229;6B.1A.5a.2a;N;D;A;P;A;K;G;T;T;D;A
A/Netherlands/10265/2024|EPI_ISL_18890416;6B.1A.5a.2a;N;D;A;P;A;K;G;T;T;D;A
A/Netherlands/10354/2024|EPI_ISL_18890502;6B.1A.5a.2a;N;D;A;P;A;K;G;T;T;D;A
A/Netherlands/10643/2023|EPI_ISL_18773045;6B.1A.5a.2a;N;D;A;P;A;K;G;T;T;D;A
A/Netherlands/10353/2024|EPI_ISL_18890500;6B.1A.5a.2a;N;D;A;P;A;K;G;T;T;D;A
A/Netherlands/01781/2023|EPI_ISL_18566793;6B.1A.5a.2a;N;D;A;P;A;K;G;T;T;D;A
A/Netherlands/10268/2024|EPI_ISL_18890420;6B.1A.5a.2a;N;D;A;P;A;K;G;T;T;D;A
A/Netherlands/01244/2024|EPI_ISL_19001218;6B.1A.5a.2a;N;D;A;P;A;K;G;T;T;D;A
A/Netherlands/00032/2024|EPI_ISL_18790206;6B.1A.5a.2a;N;D;A;P;A;K;G;T;T;D;A
A/Netherlands/10023/2024|EPI_ISL_18773068;6B.1A.5a.2a;N;D;A;P;A;K;G;T;T;D;A
A/Netherlands/10225/2024|EPI_ISL_18877882;6B.1A.5a.2a;N;D;A;P;A;K;G;T;T;D;A
A/Netherlands/00627/2024|EPI_ISL_18900658;6B.1A.5a.2a;N;D;A;P;A;K;G;T;T;D;A
A/Netherlands/01626/2023|EPI_ISL_18101697;6B.1A.5a.2a;N;D;A;P;A;K;G;T;T;D;A
A/Netherlands/00043/2024|EPI_ISL_18790213;6B.1A.5a.2a;N;D;A;P;A;K;G;T;T;D;A
A/Netherlands/10661/2023|EPI_ISL_18773065;6B.1A.5a.2a;N;D;A;P;A;K;G;T;T;D;A
A/Netherlands/00347/2024|EPI_ISL_18873559;6B.1A.5a.2a;N;D;A;P;A;K;G;T;T;D;A
A/Netherlands/01249/2024|EPI_ISL_19001221;6B.1A.5a.2a;N;D;A;P;A;K;G;T;T;D;A
A/Netherlands/00449/2024|EPI_ISL_18873580;6B.1A.5a.2a;N;D;A;P;A;K;G;T;T;D;A
A/Netherlands/10529/2023|EPI_ISL_18044681;6B.1A.5a.2a;N;D;A;P;A;K;G;T;T;D;A
A/Netherlands/00447/2024|EPI_ISL_18873579;6B.1A.5a.2a;N;D;A;P;A;K;G;T;T;D;A
A/Netherlands/00400/2024|EPI_ISL_18873571;6B.1A.5a.2a;N;D;A;P;A;K;G;T;T;D;A
A/Netherlands/00655/2024|EPI_ISL_18900663;6B.1A.5a.2a;N;D;A;P;A;K;G;T;T;D;A
A/Netherlands/10271/2024|EPI_ISL_18890427;6B.1A.5a.2a;N;D;A;P;A;K;G;T;T;D;A
A/Netherlands/10658/2023|EPI_ISL_18773060;6B.1A.5a.2a;N;D;A;P;A;K;G;T;T;D;A
A/Netherlands/00653/2024|EPI_ISL_18900662;6B.1A.5a.2a;N;D;A;P;A;K;G;T;T;D;A
A/Netherlands/10158/2024|EPI_ISL_18877899;6B.1A.5a.2a;N;D;A;P;A;K;G;T;T;D;A
A/Netherlands/10027/2024|EPI_ISL_18773070;6B.1A.5a.2a;N;D;A;P;A;K;G;T;T;D;A
A/Netherlands/10392/2024|EPI_ISL_18913248;6B.1A.5a.2a;N;D;A;P;A;K;G;T;T;D;A
A/Netherlands/10247/2024|EPI_ISL_18877932;6B.1A.5a.2a;N;D;A;P;A;K;G;T;T;D;A
A/Netherlands/10162/2024|EPI_ISL_18877902;6B.1A.5a.2a;N;D;A;P;A;K;G;T;T;D;A
A/Netherlands/00016/2024|EPI_ISL_18790202;6B.1A.5a.2a;N;D;A;P;A;K;G;T;T;D;A
A/Netherlands/10362/2024|EPI_ISL_18890540;6B.1A.5a.2a;N;D;A;P;A;K;G;T;T;D;A
A/Netherlands/10119/2024|EPI_ISL_18842146;6B.1A.5a.2a;N;D;A;P;A;K;G;T;T;D;A
A/Netherlands/10333/2024|EPI_ISL_18890452;6B.1A.5a.2a;N;D;A;P;A;K;G;T;T;D;A
A/Netherlands/10222/2024|EPI_ISL_18877879;6B.1A.5a.2a;N;D;A;P;A;K;G;T;T;D;A
A/Netherlands/00111/2024|EPI_ISL_18821282;6B.1A.5a.2a;N;D;A;P;A;K;G;T;T;D;A
A/Netherlands/00506/2024|EPI_ISL_18854136;6B.1A.5a.2a;N;D;A;P;A;K;G;T;T;D;A
A/Netherlands/01644/2023|EPI_ISL_18219230;6B.1A.5a.2a;N;D;A;P;A;K;G;T;T;D;A
A/Netherlands/00109/2024|EPI_ISL_18821281;6B.1A.5a.2a;N;D;A;P;A;K;G;T;T;D;A
A/Netherlands/00203/2024|EPI_ISL_18854098;6B.1A.5a.2a;N;D;A;P;A;K;G;T;T;D;A
A/Netherlands/00204/2024|EPI_ISL_18854099;6B.1A.5a.2a;N;D;A;P;A;K;G;T;T;D;A
A/Netherlands/00504/2024|EPI_ISL_18854134;6B.1A.5a.2a;N;D;A;P;A;K;G;T;T;D;A
A/Netherlands/00148/2024|EPI_ISL_18821298;6B.1A.5a.2a;N;D;A;P;A;K;G;T;T;D;A
A/Netherlands/03041/2023|EPI_ISL_18746137;6B.1A.5a.2a;N;D;A;P;A;K;G;T;T;D;A
A/Netherlands/03031/2023|EPI_ISL_18746135;6B.1A.5a.2a;N;D;A;P;A;K;G;T;T;D;A
A/Netherlands/03051/2023|EPI_ISL_18746139;6B.1A.5a.2a;N;D;A;P;A;K;G;T;T;D;A
A/Netherlands/10559/2024|EPI_ISL_18987808;6B.1A.5a.2a;N;D;A;P;A;K;G;T;T;D;A
A/Netherlands/10562/2024|EPI_ISL_18987795;6B.1A.5a.2a;N;D;A;P;A;K;G;T;T;D;A
A/Netherlands/01906/2023|EPI_ISL_18673795;6B.1A.5a.2a;N;D;A;P;A;K;G;T;T;D;A
A/Netherlands/00003/2024|EPI_ISL_18746141;6B.1A.5a.2a;N;D;A;P;A;K;G;T;T;D;A
A/Netherlands/02049/2023|EPI_ISL_18746121;6B.1A.5a.2a;N;D;A;P;A;K;G;T;T;D;A
A/Netherlands/03023/2023|EPI_ISL_18746134;6B.1A.5a.2a;N;D;A;P;A;K;G;T;T;D;A
A/Netherlands/10557/2024|EPI_ISL_18987797;6B.1A.5a.2a;N;D;A;P;A;K;G;T;T;D;A
A/Netherlands/00162/2024|EPI_ISL_18821304;6B.1A.5a.2a;N;D;A;P;A;K;G;T;T;D;A
A/Netherlands/00133/2024|EPI_ISL_18821291;6B.1A.5a.2a;N;D;A;P;A;K;G;T;T;D;A
A/Netherlands/00946/2024|EPI_ISL_18942017;6B.1A.5a.2a;N;D;A;P;A;K;G;T;T;D;A
A/Netherlands/10549/2024|EPI_ISL_18974794;6B.1A.5a.2a;N;D;A;P;A;K;G;T;T;D;A
A/Netherlands/10435/2024|EPI_ISL_18913400;6B.1A.5a.2a;N;D;A;P;A;K;G;T;T;D;A
A/Netherlands/01878/2023|EPI_ISL_18673768;6B.1A.5a.2a;N;D;A;P;A;K;G;T;T;D;A
A/Netherlands/01889/2023|EPI_ISL_18673779;6B.1A.5a.2a;N;D;A;P;A;K;G;T;T;D;A
A/Netherlands/10438/2024|EPI_ISL_18913358;6B.1A.5a.2a;N;D;A;P;A;K;G;T;T;D;A
A/Netherlands/01871/2023|EPI_ISL_18673763;6B.1A.5a.2a;N;D;A;P;A;K;G;T;T;D;A
A/Netherlands/00132/2024|EPI_ISL_18821290;6B.1A.5a.2a;N;D;A;P;A;K;G;T;T;D;A
A/Netherlands/01881/2023|EPI_ISL_18673771;6B.1A.5a.2a;N;D;A;P;A;K;G;T;T;D;A
A/Netherlands/01876/2023|EPI_ISL_18673766;6B.1A.5a.2a;N;D;A;P;A;K;G;T;T;D;A
A/Netherlands/01882/2023|EPI_ISL_18673772;6B.1A.5a.2a;N;D;A;P;A;K;G;T;T;D;A
A/Netherlands/01907/2023|EPI_ISL_18673796;6B.1A.5a.2a;N;D;A;P;A;K;G;T;T;D;A
A/Netherlands/00173/2024|EPI_ISL_18821311;6B.1A.5a.2a;N;D;A;P;A;K;G;T;T;D;A
A/Netherlands/00165/2024|EPI_ISL_18821307;6B.1A.5a.2a;N;D;A;P;A;K;G;T;T;D;A
A/Netherlands/00130/2024|EPI_ISL_18821289;6B.1A.5a.2a;N;D;A;P;A;K;G;T;T;D;A
A/Netherlands/00134/2024|EPI_ISL_18821292;6B.1A.5a.2a;N;D;A;P;A;K;G;T;T;D;A
A/Netherlands/01883/2023|EPI_ISL_18673773;6B.1A.5a.2a;N;D;A;P;A;K;G;T;T;D;A
A/Netherlands/10575/2024|EPI_ISL_18987796;6B.1A.5a.2a;N;D;A;P;A;K;G;T;T;D;A
A/Netherlands/01933/2023|EPI_ISL_18721661;6B.1A.5a.2a;N;D;A;P;A;K;G;T;T;D;A
A/Netherlands/01935/2023|EPI_ISL_18721663;6B.1A.5a.2a;N;D;A;P;A;K;G;T;T;D;A
A/Netherlands/01984/2023|EPI_ISL_18721693;6B.1A.5a.2a;N;D;A;P;A;K;G;T;T;D;A
A/Netherlands/00012/2024|EPI_ISL_18746147;6B.1A.5a.2a;N;D;A;P;A;K;G;T;T;D;A
A/Netherlands/00287/2024|EPI_ISL_18854130;6B.1A.5a.2a;N;D;A;P;A;K;G;T;T;D;A
A/Netherlands/02105/2023|EPI_ISL_18746131;6B.1A.5a.2a;N;D;A;P;A;K;G;T;T;D;A
A/Netherlands/01945/2023|EPI_ISL_18721671;6B.1A.5a.2a;N;D;A;P;A;K;G;T;T;D;A
A/Netherlands/00503/2024|EPI_ISL_18854133;6B.1A.5a.2a;N;D;A;P;A;K;G;T;T;D;A
A/Netherlands/10543/2024|EPI_ISL_18987805;6B.1A.5a.2a;N;D;A;P;A;K;G;T;T;D;A
A/Netherlands/00224/2024|EPI_ISL_18854104;6B.1A.5a.2a;N;D;A;P;A;K;G;T;T;D;A
A/Netherlands/01976/2023|EPI_ISL_18721689;6B.1A.5a.2a;N;D;A;P;A;K;G;T;T;D;A
A/Netherlands/02060/2023|EPI_ISL_18746123;6B.1A.5a.2a;N;D;A;P;A;K;G;T;T;D;A
A/Netherlands/00269/2024|EPI_ISL_18854125;6B.1A.5a.2a;N;D;A;P;A;K;G;T;T;D;A
A/Netherlands/02079/2023|EPI_ISL_18746127;6B.1A.5a.2a;N;D;A;P;A;K;G;T;T;D;A
A/Netherlands/01919/2023|EPI_ISL_18721647;6B.1A.5a.2a;N;D;A;P;A;K;G;T;T;D;A
A/Netherlands/01977/2023|EPI_ISL_18721715;6B.1A.5a.2a;N;D;A;P;A;K;G;T;T;D;A
A/Netherlands/01950/2023|EPI_ISL_18721674;6B.1A.5a.2a;N;D;A;P;A;K;G;T;T;D;A
A/Netherlands/10547/2024|EPI_ISL_18987807;6B.1A.5a.2a;N;D;A;P;A;K;G;T;T;D;A
A/Netherlands/00285/2024|EPI_ISL_18854129;6B.1A.5a.2a;N;D;A;P;A;K;G;T;T;D;A
A/Netherlands/02076/2023|EPI_ISL_18746126;6B.1A.5a.2a;N;D;A;P;A;K;G;T;T;D;A
A/Netherlands/00234/2024|EPI_ISL_18854108;6B.1A.5a.2a;N;D;A;P;A;K;G;T;T;D;A
A/Netherlands/10576/2024|EPI_ISL_18987800;6B.1A.5a.2a;N;D;A;P;A;K;G;T;T;D;A
A/Netherlands/00225/2024|EPI_ISL_18854105;6B.1A.5a.2a;N;D;A;P;A;K;G;T;T;D;A
A/Netherlands/00276/2024|EPI_ISL_18854126;6B.1A.5a.2a;N;D;A;P;A;K;G;T;T;D;A
A/Netherlands/03082/2023|EPI_ISL_18746144;6B.1A.5a.2a;N;D;A;P;A;K;G;T;T;D;A
A/Netherlands/00187/2024|EPI_ISL_18854093;6B.1A.5a.2a;N;D;A;P;A;K;G;T;T;D;A
A/Netherlands/00114/2024|EPI_ISL_18821283;6B.1A.5a.2a;N;D;A;P;A;K;G;T;T;D;A
A/Netherlands/00122/2024|EPI_ISL_18821286;6B.1A.5a.2a;N;D;A;P;A;K;G;T;T;D;A
A/Netherlands/00268/2024|EPI_ISL_18854124;6B.1A.5a.2a;N;D;A;P;A;K;G;T;T;D;A
A/Netherlands/00253/2024|EPI_ISL_18854115;6B.1A.5a.2a;N;D;A;P;A;K;G;T;T;D;A
A/Netherlands/01934/2023|EPI_ISL_18721662;6B.1A.5a.2a;N;D;A;P;A;K;G;T;T;D;A
A/Netherlands/03016/2023|EPI_ISL_18746133;6B.1A.5a.2a;N;D;A;P;A;K;G;T;T;D;A
A/Netherlands/01925/2023|EPI_ISL_18721653;6B.1A.5a.2a;N;D;A;P;A;K;G;T;T;D;A
A/Netherlands/03079/2023|EPI_ISL_18746142;6B.1A.5a.2a;N;D;A;P;A;K;G;T;T;D;A
A/Netherlands/02075/2023|EPI_ISL_18746125;6B.1A.5a.2a;N;D;A;P;A;K;G;T;T;D;A
A/Netherlands/01920/2023|EPI_ISL_18721648;6B.1A.5a.2a;N;D;A;P;A;K;G;T;T;D;A
A/Netherlands/00008/2024|EPI_ISL_18746145;6B.1A.5a.2a;N;D;A;P;A;K;G;T;T;D;A
A/Netherlands/10545/2024|EPI_ISL_18987806;6B.1A.5a.2a;N;D;A;P;A;K;G;T;T;D;A
A/Netherlands/01932/2023|EPI_ISL_18721660;6B.1A.5a.2a;N;D;A;P;A;K;G;T;T;D;A
A/Netherlands/10527/2023|EPI_ISL_17770545;6B.1A.5a.2a;N;D;A;P;A;K;G;T;T;D;A
A/Netherlands/10561/2024|EPI_ISL_18987810;6B.1A.5a.2a;N;D;A;P;A;K;G;T;T;D;A
A/Netherlands/00951/2024|EPI_ISL_18942019;6B.1A.5a.2a;N;D;A;P;A;K;G;T;T;D;A
A/Netherlands/01818/2023|EPI_ISL_18634812;6B.1A.5a.2a;N;D;A;P;A;K;G;T;T;D;A
A/Netherlands/01355/2024|EPI_ISL_19016183;6B.1A.5a.2a;N;D;A;P;A;K;G;T;T;D;A
A/Netherlands/01866/2023|EPI_ISL_18653506;6B.1A.5a.2a;N;D;A;P;A;K;G;T;T;D;A
A/Netherlands/01849/2023|EPI_ISL_18653492;6B.1A.5a.2a;N;D;A;P;A;K;G;T;T;D;A
A/Netherlands/10451/2024|EPI_ISL_18936092;6B.1A.5a.2a;N;D;A;P;A;K;G;T;T;D;A
A/Netherlands/10413/2024|EPI_ISL_18936079;6B.1A.5a.2a;N;D;A;P;A;K;G;T;T;D;A
A/Netherlands/10565/2024|EPI_ISL_18974768;6B.1A.5a.2a;N;D;A;P;A;K;G;T;T;D;A
A/Netherlands/01843/2023|EPI_ISL_18653487;6B.1A.5a.2a;N;D;A;P;A;K;G;T;T;D;A
A/Netherlands/01341/2024|EPI_ISL_19016176;6B.1A.5a.2a;N;D;A;P;A;K;G;T;T;D;A
A/Netherlands/10455/2024|EPI_ISL_18936075;6B.1A.5a.2a;N;D;A;P;A;K;G;T;T;D;A
A/Netherlands/10464/2024|EPI_ISL_18936084;6B.1A.5a.2a;N;D;A;P;A;K;G;T;T;D;A
A/Netherlands/00916/2024|EPI_ISL_18942008;6B.1A.5a.2a;N;D;A;P;A;K;G;T;T;D;A
A/Netherlands/10517/2024|EPI_ISL_18950651;6B.1A.5a.2a;N;D;A;P;A;K;G;T;T;D;A
A/Netherlands/10491/2024|EPI_ISL_18936133;6B.1A.5a.2a;N;D;A;P;A;K;G;T;T;D;A
A/Netherlands/01347/2024|EPI_ISL_19016180;6B.1A.5a.2a;N;D;A;P;A;K;G;T;T;D;A
A/Netherlands/01350/2024|EPI_ISL_19016181;6B.1A.5a.2a;N;D;A;P;A;K;G;T;T;D;A
A/Netherlands/10476/2024|EPI_ISL_18936131;6B.1A.5a.2a;N;D;A;P;A;K;G;T;T;D;A
A/Netherlands/01362/2024|EPI_ISL_19016188;6B.1A.5a.2a;N;D;A;P;A;K;G;T;T;D;A
A/Netherlands/01827/2023|EPI_ISL_18653474;6B.1A.5a.2a;N;D;A;P;A;K;G;T;T;D;A
A/Netherlands/01839/2023|EPI_ISL_18653483;6B.1A.5a.2a;N;D;A;P;A;K;G;T;T;D;A
A/Netherlands/10470/2024|EPI_ISL_18936089;6B.1A.5a.2a;N;D;A;P;A;K;G;T;T;D;A
A/Netherlands/10446/2024|EPI_ISL_18936116;6B.1A.5a.2a;N;D;A;P;A;K;G;T;T;D;A
A/Netherlands/10452/2024|EPI_ISL_18936113;6B.1A.5a.2a;N;D;A;P;A;K;G;T;T;D;A
A/Netherlands/10483/2024|EPI_ISL_18936125;6B.1A.5a.2a;N;D;A;P;A;K;G;T;T;D;A
A/Netherlands/10487/2024|EPI_ISL_18936122;6B.1A.5a.2a;N;D;A;P;A;K;G;T;T;D;A
A/Netherlands/10447/2024|EPI_ISL_18936074;6B.1A.5a.2a;N;D;A;P;A;K;G;T;T;D;A
A/Netherlands/10412/2024|EPI_ISL_18936078;6B.1A.5a.2a;N;D;A;P;A;K;G;T;T;D;A
A/Netherlands/01860/2023|EPI_ISL_18653501;6B.1A.5a.2a;N;D;A;P;A;K;G;T;T;D;A
A/Netherlands/01318/2024|EPI_ISL_19016167;6B.1A.5a.2a;N;D;A;P;A;K;G;T;T;D;A
A/Netherlands/01848/2023|EPI_ISL_18653491;6B.1A.5a.2a;N;D;A;P;A;K;G;T;T;D;A
A/Netherlands/10485/2024|EPI_ISL_18936121;6B.1A.5a.2a;N;D;A;P;A;K;G;T;T;D;A
A/Netherlands/01856/2023|EPI_ISL_18653498;6B.1A.5a.2a;N;D;A;P;A;K;G;T;T;D;A
A/Netherlands/10454/2024|EPI_ISL_18936117;6B.1A.5a.2a;N;D;A;P;A;K;G;T;T;D;A
A/Netherlands/01862/2023|EPI_ISL_18653503;6B.1A.5a.2a;N;D;A;P;A;K;G;T;T;D;A
A/Netherlands/01861/2023|EPI_ISL_18653502;6B.1A.5a.2a;N;D;A;P;A;K;G;T;T;D;A
A/Netherlands/01345/2024|EPI_ISL_19016179;6B.1A.5a.2a;N;D;A;P;A;K;G;T;T;D;A
A/Netherlands/01840/2023|EPI_ISL_18653484;6B.1A.5a.2a;N;D;A;P;A;K;G;T;T;D;A
A/Netherlands/01335/2024|EPI_ISL_19016172;6B.1A.5a.2a;N;D;A;P;A;K;G;T;T;D;A
A/Netherlands/00933/2024|EPI_ISL_18942011;6B.1A.5a.2a;N;D;A;P;A;K;G;T;T;D;A
A/Netherlands/01338/2024|EPI_ISL_19016174;6B.1A.5a.2a;N;D;A;P;A;K;G;T;T;D;A
A/Netherlands/01847/2023|EPI_ISL_18653490;6B.1A.5a.2a;N;D;A;P;A;K;G;T;T;D;A
A/Netherlands/10568/2024|EPI_ISL_18974767;6B.1A.5a.2a;N;D;A;P;A;K;G;T;T;D;A
A/Netherlands/00912/2024|EPI_ISL_18942006;6B.1A.5a.2a;N;D;A;P;A;K;G;T;T;D;A
A/Netherlands/01802/2023|EPI_ISL_18634803;6B.1A.5a.2a;N;D;A;P;A;K;G;T;T;D;A
A/Netherlands/10555/2024|EPI_ISL_18974775;6B.1A.5a.2a;N;D;A;P;A;K;G;T;T;D;A
A/Netherlands/00920/2024|EPI_ISL_18942009;6B.1A.5a.2a;N;D;A;P;A;K;G;T;T;D;A
A/Netherlands/01864/2023|EPI_ISL_18653505;6B.1A.5a.2a;N;D;A;P;A;K;G;T;T;D;A
A/Netherlands/10546/2024|EPI_ISL_18974780;6B.1A.5a.2a;N;D;A;P;A;K;G;T;T;D;A
A/Netherlands/01805/2023|EPI_ISL_18634804;6B.1A.5a.2a;N;D;A;P;A;K;G;T;T;D;A
A/Netherlands/01319/2024|EPI_ISL_19016168;6B.1A.5a.2a;N;D;A;P;A;K;G;T;T;D;A
A/Netherlands/00921/2024|EPI_ISL_18942010;6B.1A.5a.2a;N;D;A;P;A;K;G;T;T;D;A
A/Netherlands/10440/2024|EPI_ISL_18913380;6B.1A.5a.2a;N;D;A;P;A;K;G;T;T;D;A
A/Curacao/10577/2024|EPI_ISL_18974766;6B.1A.5a.2a;N;D;A;P;A;K;G;T;T;D;A
A/Netherlands/01900/2023|EPI_ISL_18673790;6B.1A.5a.2a;N;D;A;P;A;K;G;T;T;D;A
A/Netherlands/10534/2024|EPI_ISL_18974770;6B.1A.5a.2a;N;D;A;P;A;K;G;T;T;D;A
A/Netherlands/01896/2023|EPI_ISL_18673786;6B.1A.5a.2a;N;D;A;P;A;K;G;T;T;D;A
A/Netherlands/00950/2024|EPI_ISL_18942018;6B.1A.5a.2a;N;D;A;P;A;K;G;T;T;D;A
A/Netherlands/10523/2023|EPI_ISL_17770544;6B.1A.5a.2a;N;D;A;P;A;K;G;T;T;D;A
A/Netherlands/10556/2024|EPI_ISL_18974777;6B.1A.5a.2a;N;D;A;P;A;K;G;T;T;D;A
A/Netherlands/01813/2023|EPI_ISL_18634809;6B.1A.5a.2a;N;D;A;P;A;K;G;T;T;D;A
A/Netherlands/01819/2023|EPI_ISL_18634813;6B.1A.5a.2a;N;D;A;P;A;K;G;T;T;D;A
A/Netherlands/10518/2024|EPI_ISL_18950652;6B.1A.5a.2a;N;D;A;P;A;K;G;T;T;D;A
A/Netherlands/10535/2024|EPI_ISL_18974773;6B.1A.5a.2a;N;D;A;P;A;K;G;T;T;D;A
A/Netherlands/10432/2024|EPI_ISL_18913328;6B.1A.5a.2a;N;D;A;P;A;K;G;T;T;D;A
A/Netherlands/00821/2024|EPI_ISL_18941986;6B.1A.5a.2a;N;D;A;P;A;K;G;T;T;D;A
A/Netherlands/00840/2024|EPI_ISL_18941988;6B.1A.5a.2a;N;D;A;P;A;K;G;T;T;D;A
A/Netherlands/10419/2024|EPI_ISL_18936082;6B.1A.5a.2a;N;D;A;P;A;K;G;T;T;D;A
A/Netherlands/01329/2024|EPI_ISL_19016170;6B.1A.5a.2a;N;D;A;P;A;K;G;T;T;D;A
A/Netherlands/00834/2024|EPI_ISL_18941987;6B.1A.5a.2a;N;D;A;P;A;K;G;T;T;D;A
A/Netherlands/00886/2024|EPI_ISL_18941999;6B.1A.5a.2a;N;D;A;P;A;K;G;T;T;D;A
A/Netherlands/01829/2023|EPI_ISL_18653475;6B.1A.5a.2a;N;D;A;P;A;K;G;T;T;D;A
A/Netherlands/01834/2023|EPI_ISL_18653479;6B.1A.5a.2a;N;D;A;P;A;K;G;T;T;D;A
A/Netherlands/10475/2024|EPI_ISL_18936129;6B.1A.5a.2a;N;D;A;P;A;K;G;T;T;D;A
A/Netherlands/01868/2023|EPI_ISL_18653508;6B.1A.5a.2a;N;D;A;P;A;K;G;T;T;D;A
A/Netherlands/10540/2024|EPI_ISL_18974774;6B.1A.5a.2a;N;D;A;P;A;K;G;T;T;D;A
A/Netherlands/10490/2024|EPI_ISL_18936132;6B.1A.5a.2a;N;D;A;P;A;K;G;T;T;D;A
A/Netherlands/01869/2023|EPI_ISL_18653509;6B.1A.5a.2a;N;D;A;P;A;K;G;T;T;D;A
A/Netherlands/01820/2023|EPI_ISL_18634814;6B.1A.5a.2a;N;D;A;P;A;K;G;T;T;D;A
A/Netherlands/01901/2023|EPI_ISL_18673791;6B.1A.5a.2a;N;D;A;P;A;K;G;T;T;D;A
A/Netherlands/01717/2023|EPI_ISL_18451389;6B.1A.5a.2a;N;D;A;P;A;K;G;T;T;D;A
A/Netherlands/00258/2024|EPI_ISL_18854118;6B.1A.5a.2a;N;D;A;P;A;K;G;T;T;D;A
A/Netherlands/01711/2023|EPI_ISL_18451386;6B.1A.5a.2a;N;D;A;P;A;K;G;T;T;D;A
A/Netherlands/10572/2024|EPI_ISL_18987811;6B.1A.5a.2a;N;D;A;P;A;K;G;T;T;D;A
A/Curacao/10087/2024|EPI_ISL_18842167;6B.1A.5a.2a;N;D;A;P;A;K;G;T;T;D;A
A/Netherlands/01750/2023|EPI_ISL_18500149;6B.1A.5a.2a;N;D;A;P;A;K;G;T;T;D;A
A/Netherlands/10058/2024|EPI_ISL_18842120;6B.1A.5a.2a;N;D;A;P;A;K;G;T;T;D;A
A/Netherlands/10070/2024|EPI_ISL_18842188;6B.1A.5a.2a;N;D;A;P;A;K;G;T;T;D;A
A/Netherlands/01135/2024|EPI_ISL_18961760;6B.1A.5a.2a;N;D;A;P;A;K;G;T;T;D;A
A/Netherlands/01223/2024|EPI_ISL_18980215;6B.1A.5a.2a;N;D;A;P;A;K;G;T;T;D;A
A/Netherlands/01157/2024|EPI_ISL_18980194;6B.1A.5a.2a;N;D;A;P;A;K;G;T;T;D;A
A/Netherlands/01181/2024|EPI_ISL_18980202;6B.1A.5a.2a;N;D;A;P;A;K;G;T;T;D;A
A/Curacao/10196/2024|EPI_ISL_18842181;6B.1A.5a.2a;N;D;A;P;A;K;G;T;T;D;A
A/Netherlands/10068/2024|EPI_ISL_18842175;6B.1A.5a.2a;N;D;A;P;A;K;G;T;T;D;A
A/Netherlands/10115/2024|EPI_ISL_18842143;6B.1A.5a.2a;N;D;A;P;A;K;G;T;T;D;A
A/Netherlands/10522/2024|EPI_ISL_18950671;6B.1A.5a.2a;N;D;A;P;A;K;G;T;T;D;A
A/Netherlands/10520/2024|EPI_ISL_18950656;6B.1A.5a.2a;N;D;A;P;A;K;G;T;T;D;A
A/Curacao/10676/2023|EPI_ISL_18842160;6B.1A.5a.2a;N;D;A;P;A;K;G;T;T;D;A
A/Netherlands/10113/2024|EPI_ISL_18842141;6B.1A.5a.2a;N;D;A;P;A;K;G;T;T;D;A
A/Netherlands/10112/2024|EPI_ISL_18842140;6B.1A.5a.2a;N;D;A;P;A;K;G;T;T;D;A
A/Netherlands/10537/2023|EPI_ISL_18285087;6B.1A.5a.2a;N;D;A;P;A;K;G;T;T;D;A
A/Netherlands/01187/2024|EPI_ISL_18980204;6B.1A.5a.2a;N;D;A;P;A;K;G;T;T;D;A
A/Netherlands/01183/2024|EPI_ISL_18980203;6B.1A.5a.2a;N;D;A;P;A;K;G;T;T;D;A
A/Netherlands/10493/2024|EPI_ISL_18950664;6B.1A.5a.2a;N;D;A;P;A;K;G;T;T;D;A
A/Netherlands/01221/2024|EPI_ISL_18980214;6B.1A.5a.2a;N;D;A;P;A;K;G;T;T;D;A
A/Netherlands/10515/2024|EPI_ISL_18950660;6B.1A.5a.2a;N;D;A;P;A;K;G;T;T;D;A
A/Netherlands/00172/2024|EPI_ISL_18821310;6B.1A.5a.2a;N;D;A;P;A;K;G;T;T;D;A
A/Netherlands/10664/2023|EPI_ISL_18842131;6B.1A.5a.2a;N;D;A;P;A;K;G;T;T;D;A
A/Curacao/10679/2023|EPI_ISL_18842161;6B.1A.5a.2a;N;D;A;P;A;K;G;T;T;D;A
A/Netherlands/10122/2024|EPI_ISL_18842149;6B.1A.5a.2a;N;D;A;P;A;K;G;T;T;D;A
A/Netherlands/01203/2024|EPI_ISL_18980209;6B.1A.5a.2a;N;D;A;P;A;K;G;T;T;D;A
A/Netherlands/10524/2024|EPI_ISL_18950673;6B.1A.5a.2a;N;D;A;P;A;K;G;T;T;D;A
A/Netherlands/01382/2024|EPI_ISL_19016192;6B.1A.5a.2a;N;D;A;P;A;K;G;T;T;D;A
A/Netherlands/01383/2024|EPI_ISL_19016193;6B.1A.5a.2a;N;D;A;P;A;K;G;T;T;D;A
A/Netherlands/00720/2024|EPI_ISL_18918728;6B.1A.5a.2a;N;D;A;P;A;K;G;T;T;D;A
A/Netherlands/01700/2023|EPI_ISL_18373311;6B.1A.5a.2a;N;D;A;P;A;K;G;T;T;D;A
A/Curacao/10079/2024|EPI_ISL_18842154;6B.1A.5a.2a;N;D;A;P;A;K;G;T;T;D;A
A/Netherlands/01216/2024|EPI_ISL_18980212;6B.1A.5a.2a;N;D;A;P;A;K;G;T;T;D;A
A/Netherlands/10050/2024|EPI_ISL_18842186;6B.1A.5a.2a;N;D;A;P;A;K;G;T;T;D;A
A/Netherlands/10498/2024|EPI_ISL_18950668;6B.1A.5a.2a;N;D;A;P;A;K;G;T;T;D;A
A/Netherlands/01699/2023|EPI_ISL_18373310;6B.1A.5a.2a;N;D;A;P;A;K;G;T;T;D;A
A/Curacao/10197/2024|EPI_ISL_18842182;6B.1A.5a.2a;N;D;A;P;A;K;G;T;T;D;A
A/Netherlands/10500/2024|EPI_ISL_18950670;6B.1A.5a.2a;N;D;A;P;A;K;G;T;T;D;A
A/Curacao/10199/2024|EPI_ISL_18842184;6B.1A.5a.2a;N;D;A;P;A;K;G;T;T;D;A
A/Netherlands/10124/2024|EPI_ISL_18842151;6B.1A.5a.2a;N;D;A;P;A;K;G;T;T;D;A
A/Netherlands/10505/2024|EPI_ISL_18950658;6B.1A.5a.2a;N;D;A;P;A;K;G;T;T;D;A
A/Curacao/10671/2023|EPI_ISL_18842158;6B.1A.5a.2a;N;D;A;P;A;K;G;T;T;D;A
A/Netherlands/01171/2024|EPI_ISL_18980199;6B.1A.5a.2a;N;D;A;P;A;K;G;T;T;D;A
A/Netherlands/01763/2023|EPI_ISL_18509057;6B.1A.5a.2a;N;D;A;P;A;K;G;T;T;D;A
A/Netherlands/01782/2023|EPI_ISL_18509063;6B.1A.5a.2a;N;D;A;P;A;K;G;T;T;D;A
A/Netherlands/10063/2024|EPI_ISL_18842170;6B.1A.5a.2a;N;D;A;P;A;K;G;T;T;D;A
A/Netherlands/10100/2024|EPI_ISL_18842130;6B.1A.5a.2a;N;D;A;P;A;K;G;T;T;D;A
A/Curacao/10190/2024|EPI_ISL_18842177;6B.1A.5a.2a;N;D;A;P;A;K;G;T;T;D;A
A/Netherlands/01751/2023|EPI_ISL_18500150;6B.1A.5a.2a;N;D;A;P;A;K;G;T;T;D;A
A/Netherlands/10527/2024|EPI_ISL_18950676;6B.1A.5a.2a;N;D;A;P;A;K;G;T;T;D;A
A/Netherlands/01749/2023|EPI_ISL_18500148;6B.1A.5a.2a;N;D;A;P;A;K;G;T;T;D;A
A/Netherlands/01983/2023|EPI_ISL_18721692;6B.1A.5a.2a;N;D;A;P;A;K;G;T;T;D;A
A/Netherlands/10539/2023|EPI_ISL_18285089;6B.1A.5a.2a;N;D;A;P;A;K;G;T;T;D;A
A/Netherlands/10508/2024|EPI_ISL_18950661;6B.1A.5a.2a;N;D;A;P;A;K;G;T;T;D;A
A/Netherlands/01164/2024|EPI_ISL_18980196;6B.1A.5a.2a;N;D;A;P;A;K;G;T;T;D;A
A/Netherlands/10065/2024|EPI_ISL_18842172;6B.1A.5a.2a;N;D;A;P;A;K;G;T;T;D;A
A/Curacao/10086/2024|EPI_ISL_18842166;6B.1A.5a.2a;N;D;A;P;A;K;G;T;T;D;A
A/Netherlands/00232/2024|EPI_ISL_18854107;6B.1A.5a.2a;N;D;A;P;A;K;G;T;T;D;A
A/Curacao/10666/2023|EPI_ISL_18842156;6B.1A.5a.2a;N;D;A;P;A;K;G;T;T;D;A
A/Netherlands/10066/2024|EPI_ISL_18842173;6B.1A.5a.2a;N;D;A;P;A;K;G;T;T;D;A
A/Netherlands/01167/2024|EPI_ISL_18980197;6B.1A.5a.2a;N;D;A;P;A;K;G;T;T;D;A
A/Netherlands/01153/2024|EPI_ISL_18980192;6B.1A.5a.2a;N;D;A;P;A;K;G;T;T;D;A
A/Netherlands/01740/2023|EPI_ISL_18500140;6B.1A.5a.2a;N;D;A;P;A;K;G;T;T;D;A
A/Netherlands/01194/2024|EPI_ISL_18980208;6B.1A.5a.2a;N;D;A;P;A;K;G;T;T;D;A
A/Netherlands/10542/2023|EPI_ISL_18285092;6B.1A.5a.2a;N;D;A;P;A;K;G;T;T;D;A
A/Netherlands/01224/2024|EPI_ISL_18980216;6B.1A.5a.2a;N;D;A;P;A;K;G;T;T;D;A
A/Netherlands/01013/2024|EPI_ISL_18961738;6B.1A.5a.2a;N;D;A;P;A;K;G;T;T;D;A
A/Netherlands/01011/2024|EPI_ISL_18961736;6B.1A.5a.2a;N;D;A;P;A;K;G;T;T;D;A
A/Netherlands/01963/2023|EPI_ISL_18721686;6B.1A.5a.2a;N;D;A;P;A;K;G;T;T;D;A
A/Netherlands/01081/2024|EPI_ISL_18961756;6B.1A.5a.2a;N;D;A;P;A;K;G;T;T;D;A
A/Netherlands/01205/2024|EPI_ISL_18980210;6B.1A.5a.2a;N;D;A;P;A;K;G;T;T;D;A
A/Netherlands/01752/2023|EPI_ISL_18500151;6B.1A.5a.2a;N;D;A;P;A;K;G;T;T;D;A
A/Netherlands/01942/2023|EPI_ISL_18721668;6B.1A.5a.2a;N;D;A;P;A;K;G;T;T;D;A
A/Netherlands/01951/2023|EPI_ISL_18721675;6B.1A.5a.2a;N;D;A;P;A;K;G;T;T;D;A
A/Netherlands/01953/2023|EPI_ISL_18721677;6B.1A.5a.2a;N;D;A;P;A;K;G;T;T;D;A
A/Netherlands/01943/2023|EPI_ISL_18721669;6B.1A.5a.2a;N;D;A;P;A;K;G;T;T;D;A
A/Netherlands/10067/2024|EPI_ISL_18842174;6B.1A.5a.2a;N;D;A;P;A;K;G;T;T;D;A
A/Netherlands/01961/2023|EPI_ISL_18721685;6B.1A.5a.2a;N;D;A;P;A;K;G;T;T;D;A
A/Netherlands/01985/2023|EPI_ISL_18721694;6B.1A.5a.2a;N;D;A;P;A;K;G;T;T;D;A
A/Netherlands/01944/2023|EPI_ISL_18721670;6B.1A.5a.2a;N;D;A;P;A;K;G;T;T;D;A
A/Netherlands/00987/2024|EPI_ISL_18961730;6B.1A.5a.2a;N;D;A;P;A;K;G;T;T;D;A
A/Netherlands/10055/2024|EPI_ISL_18842117;6B.1A.5a.2a;N;D;A;P;A;K;G;T;T;D;A
A/Netherlands/10103/2024|EPI_ISL_18842134;6B.1A.5a.2a;N;D;A;P;A;K;G;T;T;D;A
A/Netherlands/10095/2024|EPI_ISL_18842126;6B.1A.5a.2a;N;D;A;P;A;K;G;T;T;D;A
A/Netherlands/01956/2023|EPI_ISL_18721680;6B.1A.5a.2a;N;D;A;P;A;K;G;T;T;D;A
A/Netherlands/01026/2024|EPI_ISL_18961742;6B.1A.5a.2a;N;D;A;P;A;K;G;T;T;D;A
A/Netherlands/01728/2023|EPI_ISL_18451399;6B.1A.5a.2a;N;D;A;P;A;K;G;T;T;D;A
A/Netherlands/10567/2023|EPI_ISL_18592340;6B.1A.5a.2a;N;D;A;P;A;K;G;T;T;D;A
A/Netherlands/10149/2024|EPI_ISL_18877872;6B.1A.5a.2a;N;D;A;P;A;K;G;T;T;D;A
A/Netherlands/01719/2023|EPI_ISL_18451391;6B.1A.5a.2a;N;D;A;P;A;K;G;T;T;D;A
A/Netherlands/01939/2023|EPI_ISL_18721665;6B.1A.5a.2a;N;D;A;P;A;K;G;T;T;D;A
A/Netherlands/01705/2023|EPI_ISL_18451381;6B.1A.5a.2a;N;D;A;P;A;K;G;T;T;D;A
A/Netherlands/01612/2023|EPI_ISL_18101630;6B.1A.5a.2a;N;D;A;P;A;K;G;T;T;D;A
A/Netherlands/01949/2023|EPI_ISL_18721673;6B.1A.5a.2a;N;D;A;P;A;K;G;T;T;D;A
A/Netherlands/10564/2023|EPI_ISL_18592293;6B.1A.5a.2a;N;D;A;P;A;K;G;T;T;D;A
A/Netherlands/01991/2023|EPI_ISL_18721700;6B.1A.5a.2a;N;D;A;P;A;K;G;T;T;D;A
A/Netherlands/00789/2024|EPI_ISL_18918750;6B.1A.5a.2a;N;D;A;P;A;K;G;T;T;D;A
A/Netherlands/10526/2024|EPI_ISL_18950675;6B.1A.5a.2a;N;D;A;P;A;K;G;T;T;D;A
A/Curacao/10081/2024|EPI_ISL_18842162;6B.1A.5a.2a;N;D;A;P;A;K;G;T;T;D;A
A/Netherlands/01217/2024|EPI_ISL_18980213;6B.1A.5a.2a;N;D;A;P;A;K;G;T;T;D;A
A/Netherlands/01230/2024|EPI_ISL_18980218;6B.1A.5a.2a;N;D;A;P;A;K;G;T;T;D;A
A/Netherlands/10568/2023|EPI_ISL_18592295;6B.1A.5a.2a;N;D;A;P;A;K;G;T;T;D;A
A/Netherlands/01044/2024|EPI_ISL_18961746;6B.1A.5a.2a;N;D;A;P;A;K;G;T;T;D;A
A/Netherlands/10504/2024|EPI_ISL_18950657;6B.1A.5a.2a;N;D;A;P;A;K;G;T;T;D;A
A/Netherlands/01698/2023|EPI_ISL_18373309;6B.1A.5a.2a;N;D;A;P;A;K;G;T;T;D;A
A/Netherlands/00710/2024|EPI_ISL_18918725;6B.1A.5a.2a;N;D;A;P;A;K;G;T;T;D;A
A/Curacao/10084/2024|EPI_ISL_18842164;6B.1A.5a.2a;N;D;A;P;A;K;G;T;T;D;A
A/Netherlands/10062/2024|EPI_ISL_18842169;6B.1A.5a.2a;N;D;A;P;A;K;G;T;T;D;A
A/Netherlands/01998/2023|EPI_ISL_18721707;6B.1A.5a.2a;N;D;A;P;A;K;G;T;T;D;A
A/Netherlands/01156/2024|EPI_ISL_18980193;6B.1A.5a.2a;N;D;A;P;A;K;G;T;T;D;A
A/Curacao/10198/2024|EPI_ISL_18842183;6B.1A.5a.2a;N;D;A;P;A;K;G;T;T;D;A
A/Netherlands/10064/2024|EPI_ISL_18842171;6B.1A.5a.2a;N;D;A;P;A;K;G;T;T;D;A
A/Netherlands/10492/2024|EPI_ISL_18950663;6B.1A.5a.2a;N;D;A;P;A;K;G;T;T;D;A
A/Netherlands/10253/2024|EPI_ISL_18877937;6B.1A.5a.2a;N;D;A;S;A;K;G;T;T;D;A
A/Netherlands/01863/2023|EPI_ISL_18653504;6B.1A.5a.2a;N;D;A;S;A;K;G;T;T;D;A
A/Netherlands/10242/2024|EPI_ISL_18877928;6B.1A.5a.2a;N;D;A;S;A;K;G;T;T;D;A
A/Netherlands/01855/2023|EPI_ISL_18653497;6B.1A.5a.2a;N;D;A;S;A;K;G;T;T;D;A
A/Netherlands/01858/2023|EPI_ISL_18653499;6B.1A.5a.2a;N;D;A;S;A;K;G;T;T;D;A
A/Netherlands/01326/2024|EPI_ISL_19016169;6B.1A.5a.2a;N;D;A;S;A;K;G;T;T;D;A
A/Netherlands/10266/2024|EPI_ISL_18890418;6B.1A.5a.2a;N;D;A;S;A;K;G;T;T;D;A
A/Netherlands/10132/2024|EPI_ISL_18877891;6B.1A.5a.2a;N;D;A;S;A;K;G;T;T;D;A
A/Netherlands/10219/2024|EPI_ISL_18877877;6B.1A.5a.2a;N;D;A;S;A;K;G;T;T;D;A
A/Netherlands/10293/2024|EPI_ISL_18890484;6B.1A.5a.2a;N;D;A;S;A;K;G;T;T;D;A
A/Netherlands/10371/2024|EPI_ISL_18877867;6B.1A.5a.2a;N;D;A;S;A;K;G;T;T;D;A
A/Netherlands/10310/2024|EPI_ISL_18890381;6B.1A.5a.2a;N;D;A;S;A;K;G;T;T;D;A
A/Netherlands/10313/2024|EPI_ISL_18890388;6B.1A.5a.2a;N;D;A;S;A;K;G;T;T;D;A
A/Netherlands/01853/2023|EPI_ISL_18653495;6B.1A.5a.2a;N;D;A;S;A;K;G;T;T;D;A
A/Netherlands/01831/2023|EPI_ISL_18653477;6B.1A.5a.2a;N;D;A;S;A;K;G;T;T;D;A
A/Netherlands/10321/2024|EPI_ISL_18890435;6B.1A.5a.2a;N;D;A;S;A;K;G;T;T;D;A
A/Netherlands/00048/2024|EPI_ISL_18790216;6B.1A.5a.2a;N;D;A;S;A;K;G;T;T;D;A
A/Netherlands/10211/2024|EPI_ISL_18877862;6B.1A.5a.2a;N;D;A;S;A;K;G;T;T;D;A
A/Netherlands/01743/2023|EPI_ISL_18500143;6B.1A.5a.2a;N;D;A;S;A;K;G;T;T;D;A
A/Netherlands/01152/2024|EPI_ISL_18980191;6B.1A.5a.2a;N;D;A;S;A;K;G;T;T;D;A
A/Netherlands/00705/2024|EPI_ISL_18900667;6B.1A.5a.2a;N;D;A;S;A;K;G;T;T;D;A
A/Netherlands/10215/2024|EPI_ISL_18877875;6B.1A.5a.2a;N;D;A;S;A;K;G;T;T;D;A
A/Netherlands/00756/2024|EPI_ISL_18918735;6B.1A.5a.2a;N;D;A;S;A;K;G;T;T;D;A
A/Netherlands/01256/2024|EPI_ISL_19001226;6B.1A.5a.2a;N;D;A;S;A;K;G;T;T;D;A
A/Netherlands/01777/2023|EPI_ISL_18566789;6B.1A.5a.2a;N;D;A;S;A;K;G;T;T;D;A
A/Netherlands/01625/2023|EPI_ISL_18101694;6B.1A.5a.2a;N;D;A;S;A;K;G;T;T;D;A
A/Netherlands/01792/2023|EPI_ISL_18566801;6B.1A.5a.2a;N;D;A;S;A;K;G;T;T;D;A
A/Netherlands/00812/2024|EPI_ISL_18918758;6B.1A.5a.2a;N;D;A;S;A;K;G;T;T;D;A
A/Netherlands/10479/2024|EPI_ISL_18936127;6B.1A.5a.2a;N;D;A;S;A;K;G;T;T;D;A
A/Netherlands/01987/2023|EPI_ISL_18721696;6B.1A.5a.2a;N;D;A;S;A;K;G;T;T;D;A
A/Netherlands/10338/2024|EPI_ISL_18913239;6B.1A.5a.2a;N;D;A;S;A;K;G;T;T;D;A
A/Netherlands/00190/2024|EPI_ISL_18854094;6B.1A.5a.2a;N;D;A;S;A;K;G;T;T;D;A
A/Netherlands/01875/2023|EPI_ISL_18673765;6B.1A.5a.2a;N;D;A;S;A;K;G;T;T;D;A
A/Netherlands/01278/2024|EPI_ISL_19001232;6B.1A.5a.2a;N;D;A;S;A;K;G;T;T;D;A
A/Netherlands/00166/2024|EPI_ISL_18821308;6B.1A.5a.2a;N;D;A;S;A;K;G;T;T;D;A
A/Netherlands/01904/2023|EPI_ISL_18673794;6B.1A.5a.2a;N;D;A;S;A;K;G;T;T;D;A
A/Netherlands/10108/2024|EPI_ISL_18842137;6B.1A.5a.2a;N;D;A;S;A;K;G;T;T;D;A
A/Netherlands/00614/2024|EPI_ISL_18900657;6B.1A.5a.2a;N;D;A;S;A;K;G;T;T;D;A
A/Netherlands/00118/2024|EPI_ISL_18821284;6B.1A.5a.2a;N;D;A;S;A;K;G;T;T;D;A
A/Netherlands/10092/2024|EPI_ISL_18842124;6B.1A.5a.2a;N;D;A;S;A;K;G;T;T;D;A
A/Netherlands/10006/2024|EPI_ISL_18773027;6B.1A.5a.2a;N;D;A;S;A;K;G;T;T;D;A
A/Netherlands/00284/2024|EPI_ISL_18854128;6B.1A.5a.2a;N;D;A;S;A;K;G;T;T;D;A
A/Netherlands/10402/2024|EPI_ISL_18913254;6B.1A.5a.2a;N;D;A;S;A;K;G;T;T;D;A
A/Netherlands/01633/2023|EPI_ISL_18101707;6B.1A.5a.2a;N;D;A;S;A;K;G;T;T;D;A
A/Netherlands/01632/2023|EPI_ISL_18101704;6B.1A.5a.2a;N;D;A;S;A;K;G;T;T;D;A
A/Netherlands/00437/2024|EPI_ISL_18873574;6B.1A.5a.2a;N;D;A;S;A;K;G;T;T;D;A
A/Netherlands/01236/2024|EPI_ISL_19001179;6B.1A.5a.2a;N;D;A;S;A;K;G;T;T;D;A
A/Netherlands/00026/2024|EPI_ISL_18790205;6B.1A.5a.2a;N;D;A;S;A;K;G;T;T;D;A
A/Netherlands/00127/2024|EPI_ISL_18821287;6B.1A.5a.2a;N;D;A;S;A;K;G;T;T;D;A
A/Netherlands/10057/2024|EPI_ISL_18842119;6B.1A.5a.2a;N;D;A;S;A;K;G;T;T;D;A
A/Netherlands/01867/2023|EPI_ISL_18653507;6B.1A.5a.2a;N;D;A;S;A;K;G;T;T;D;A
A/Netherlands/01710/2023|EPI_ISL_18451385;6B.1A.5a.2a;N;D;A;S;A;K;G;T;T;D;A
A/Netherlands/00238/2024|EPI_ISL_18854110;6B.1A.5a.2a;N;D;A;S;A;K;G;T;T;D;A
A/Netherlands/00451/2024|EPI_ISL_18873582;6B.1A.5a.2a;N;D;A;S;A;K;G;T;T;D;A
A/Netherlands/01981/2023|EPI_ISL_18721691;6B.1A.5a.2a;N;D;A;S;A;K;G;T;T;D;A
A/Netherlands/10003/2024|EPI_ISL_18773024;6B.1A.5a.2a;N;D;A;S;A;K;G;T;T;D;A
A/Netherlands/01897/2023|EPI_ISL_18673787;6B.1A.5a.2a;N;D;A;S;A;K;G;T;T;D;A
A/Netherlands/00497/2024|EPI_ISL_18873596;6B.1A.5a.2a;N;D;A;S;A;K;G;T;T;D;A
A/Netherlands/10202/2024|EPI_ISL_18877855;6B.1A.5a.2a;N;D;A;S;A;K;G;T;T;D;A
A/Netherlands/02064/2023|EPI_ISL_18746124;6B.1A.5a.2a;N;D;A;S;A;K;G;T;T;D;A
A/Netherlands/10586/2023|EPI_ISL_18652680;6B.1A.5a.2a;N;D;A;S;A;K;G;T;T;D;A
A/Netherlands/10174/2024|EPI_ISL_18877910;6B.1A.5a.2a;N;D;A;S;A;K;G;T;T;D;A
A/Netherlands/00150/2024|EPI_ISL_18821299;6B.1A.5a.2a;N;D;A;S;A;K;G;T;T;D;A
A/Netherlands/10160/2024|EPI_ISL_18877900;6B.1A.5a.2a;N;D;A;S;A;K;G;T;T;D;A
A/Netherlands/01980/2023|EPI_ISL_18721690;6B.1A.5a.2a;N;D;A;S;A;K;G;T;T;D;A
A/Netherlands/10169/2024|EPI_ISL_18877906;6B.1A.5a.2a;N;D;A;P;A;R;G;T;T;D;A
A/Netherlands/01628/2023|EPI_ISL_18101701;6B.1A.5a.2a.1;N;D;A;S;A;R;G;T;T;D;A
A/Netherlands/01992/2023|EPI_ISL_18721701;6B.1A.5a.2a.1;N;D;A;S;A;R;G;T;T;D;A
A/Netherlands/01731/2023|EPI_ISL_18451401;6B.1A.5a.2a.1;N;D;A;S;A;R;G;T;T;D;A
A/Netherlands/01723/2023|EPI_ISL_18451395;6B.1A.5a.2a.1;N;D;A;S;A;R;G;T;T;D;A
A/Netherlands/01655/2023|EPI_ISL_18219234;6B.1A.5a.2a.1;N;D;A;S;A;R;G;T;T;D;A
A/Netherlands/01737/2023|EPI_ISL_18500137;6B.1A.5a.2a.1;N;D;A;S;A;R;G;T;T;D;A
A/Netherlands/01783/2023|EPI_ISL_18566794;6B.1A.5a.2a.1;N;D;A;S;A;R;G;T;T;D;A
A/Netherlands/10533/2023|EPI_ISL_18134981;6B.1A.5a.2a.1;N;D;A;S;A;R;G;T;T;D;A
A/Netherlands/10480/2024|EPI_ISL_18936130;6B.1A.5a.2a.1;N;D;A;S;A;R;G;T;T;D;A
A/Netherlands/01724/2023|EPI_ISL_18451396;6B.1A.5a.2a.1;N;D;A;S;A;R;G;T;T;D;A
A/Netherlands/01795/2023|EPI_ISL_18566804;6B.1A.5a.2a.1;N;D;A;S;A;R;G;T;T;D;A
A/Netherlands/02036/2023|EPI_ISL_18746119;6B.1A.5a.2a.1;N;D;A;S;V;R;G;T;A;D;A
A/Netherlands/00945/2024|EPI_ISL_18942016;6B.1A.5a.2a.1;N;D;A;S;V;R;G;T;A;D;A
A/Netherlands/01799/2023|EPI_ISL_18566807;6B.1A.5a.2a.1;N;D;A;S;V;R;G;T;A;D;A
A/Netherlands/01898/2023|EPI_ISL_18673788;6B.1A.5a.2a.1;N;D;A;S;V;R;G;T;A;D;A
A/Netherlands/00293/2024|EPI_ISL_18854132;6B.1A.5a.2a.1;N;D;A;S;V;R;G;T;A;D;A
A/Netherlands/01960/2023|EPI_ISL_18721684;6B.1A.5a.2a.1;N;D;A;S;V;R;G;T;A;D;A
A/Netherlands/10049/2024|EPI_ISL_18842185;6B.1A.5a.2a.1;N;D;A;S;V;R;G;T;A;D;A
A/Netherlands/01766/2023|EPI_ISL_18509060;6B.1A.5a.2a.1;N;D;A;S;V;R;G;T;A;D;A
A/Netherlands/10641/2023|EPI_ISL_18773022;6B.1A.5a.2a.1;N;D;A;S;V;R;G;T;A;D;A
A/Netherlands/01758/2023|EPI_ISL_18500156;6B.1A.5a.2a.1;N;D;A;S;V;R;G;T;A;D;A
A/Netherlands/10635/2023|EPI_ISL_18718210;6B.1A.5a.2a.1;N;D;A;S;V;R;G;T;A;D;A
A/Netherlands/01959/2023|EPI_ISL_18721683;6B.1A.5a.2a.1;N;D;A;S;V;R;G;T;A;D;A
A/Netherlands/00021/2024|EPI_ISL_18790204;6B.1A.5a.2a.1;N;D;A;S;V;R;G;T;A;D;A
A/Netherlands/01893/2023|EPI_ISL_18673783;6B.1A.5a.2a.1;N;D;A;S;V;R;G;T;A;D;A
A/Netherlands/01993/2023|EPI_ISL_18721702;6B.1A.5a.2a.1;N;D;A;S;V;R;G;T;A;D;A
A/Netherlands/00719/2024|EPI_ISL_18918727;6B.1A.5a.2a.1;N;D;A;S;V;R;G;T;A;D;A
A/Netherlands/00047/2024|EPI_ISL_18790215;6B.1A.5a.2a.1;N;D;A;S;V;R;G;T;A;D;A
A/Netherlands/01762/2023|EPI_ISL_18509056;6B.1A.5a.2a.1;N;D;A;S;V;R;G;T;A;D;A
A/Netherlands/10114/2024|EPI_ISL_18842142;6B.1A.5a.2a.1;N;D;A;S;V;R;G;T;A;D;A
A/Netherlands/02093/2023|EPI_ISL_18746130;6B.1A.5a.2a.1;N;D;A;S;V;R;G;T;A;D;A
A/Netherlands/10653/2023|EPI_ISL_18773057;6B.1A.5a.2a.1;N;D;A;S;V;R;G;T;A;D;A
A/Netherlands/01841/2023|EPI_ISL_18653485;6B.1A.5a.2a.1;N;D;A;S;V;R;G;T;A;D;A
A/Netherlands/00163/2024|EPI_ISL_18821305;6B.1A.5a.2a.1;N;D;A;S;V;R;G;T;A;D;A
A/Netherlands/00018/2024|EPI_ISL_18790203;6B.1A.5a.2a.1;N;D;A;S;V;R;G;T;A;D;A
A/Netherlands/00140/2024|EPI_ISL_18821294;6B.1A.5a.2a.1;N;D;A;S;V;R;G;T;A;D;A
A/Netherlands/00221/2024|EPI_ISL_18854103;6B.1A.5a.2a.1;N;D;A;S;V;R;G;T;A;D;A
A/Netherlands/10488/2024|EPI_ISL_18936124;6B.1A.5a.2a.1;N;D;A;S;V;R;G;T;A;D;A
A/Netherlands/10523/2024|EPI_ISL_18950672;6B.1A.5a.2a;N;D;A;P;A;K;R;T;T;D;A
A/Netherlands/00235/2024|EPI_ISL_18854109;6B.1A.5a.2a;N;D;A;P;A;K;G;T;T;N;A
A/Netherlands/01387/2024|EPI_ISL_19016195;6B.1A.5a.2a;N;D;A;P;E;K;G;T;T;D;A
A/Netherlands/10644-T1C2/2023|EPI_ISL_18952630;6B.1A.5a.2a;N;D;A;P;E;K;G;T;T;D;A
A/Netherlands/10448/2024|EPI_ISL_18913347;6B.1A.5a.2a;N;D;A;P;E;K;G;T;T;D;A
A/Netherlands/10644/2023|EPI_ISL_18773046;6B.1A.5a.2a;N;D;A;P;E;K;G;T;T;D;A
A/Netherlands/01305/2024|EPI_ISL_19001244;6B.1A.5a.2a;N;D;A;P;E;K;G;T;T;D;A
A/Netherlands/10289/2024|EPI_ISL_18890475;6B.1A.5a.2a;N;D;A;P;E;K;G;T;T;D;A
A/Netherlands/10644-T1C1/2023|EPI_ISL_18952629;6B.1A.5a.2a;N;D;A;P;E;K;G;T;T;D;A
A/Netherlands/10295/2024|EPI_ISL_18890488;6B.1A.5a.2a;N;D;A;P;A;K;G;T;T;D;S
A/Netherlands/01817/2023|EPI_ISL_18634811;6B.1A.5a.2a;N;D;T;P;A;K;G;T;T;D;A
A/Netherlands/10213/2024|EPI_ISL_18877874;6B.1A.5a.2a;N;D;A;S;X;K;G;T;T;D;A